parent_id,source_file,status,message,reference_formula,source_formula,cleaned_formula,source_num_sites,dropped_species_count,dropped_occupancy_sum,grouping_method,split_site_pair_count,split_site_cluster_count,split_site_species,supercell_multiplier,supercell_matrix,occupancy_max_error,occupancy_mean_error,within_error_tolerance,source_composition_max_error,composition_max_error,composition_max_drift,within_composition_tolerance,missing_reference_elements,candidate_index,energy_rank,num_atoms,ordered_formula,ranker,relaxed,total_energy_ev,energy_per_atom_ev,output_file
00x,OBELIX/cifs/00x.cif,copied_ordered,,Li4 Gd4 P16 O48,Li2 Gd2 P8 O24,Li2 Gd2 P8 O24,36,0,0.0,,0,0,,,,,,,0.0,0.0,0.0,True,,,,36,Li2 Gd2 P8 O24,none,False,,,OBELIX/ordered_cifs/00x_ordered.cif
019,OBELIX/cifs/019.cif,ok,,Li6 Ti12 P18 O72,Li6 Ti12 P18 O72,Li6 Ti12 P18 O72,144,0,0.0,spacegroup,0,0,,1,1x1x1,0.016666666666666635,0.004861111111111098,True,0.0,0.0,0.0,True,,0,,108,Li6 Ti12 P18 O72,none,False,,,OBELIX/ordered_cifs/019_ordered.cif
019,OBELIX/cifs/019.cif,ok,,Li6 Ti12 P18 O72,Li6 Ti12 P18 O72,Li6 Ti12 P18 O72,144,0,0.0,spacegroup,0,0,,1,1x1x1,0.016666666666666635,0.004861111111111098,True,0.0,0.0,0.0,True,,1,,108,Li6 Ti12 P18 O72,none,False,,,OBELIX/ordered_cifs/019_ordered_01.cif
019,OBELIX/cifs/019.cif,ok,,Li6 Ti12 P18 O72,Li6 Ti12 P18 O72,Li6 Ti12 P18 O72,144,0,0.0,spacegroup,0,0,,1,1x1x1,0.016666666666666635,0.004861111111111098,True,0.0,0.0,0.0,True,,2,,108,Li6 Ti12 P18 O72,none,False,,,OBELIX/ordered_cifs/019_ordered_02.cif
09w,OBELIX/cifs/09w.cif,ok,,Li24.2 Si0.2 P3.8 S20 Br4,Li6.04998 Si0.05 P0.95 S5 Br1,Li6.04998 Si0.05 P0.95 S5 Br1,25,0,0.0,spacegroup+split_site_clusters,0,6,Li,10,5x1x2,0.05,0.016435185185185178,True,8.220678766046596e-07,0.00386089006778662,0.0038608841958732145,True,,0,,130,Li60 Si1 P9 S50 Br10,none,False,,,OBELIX/ordered_cifs/09w_ordered.cif
09w,OBELIX/cifs/09w.cif,ok,,Li24.2 Si0.2 P3.8 S20 Br4,Li6.04998 Si0.05 P0.95 S5 Br1,Li6.04998 Si0.05 P0.95 S5 Br1,25,0,0.0,spacegroup+split_site_clusters,0,6,Li,10,5x1x2,0.05,0.016435185185185178,True,8.220678766046596e-07,0.00386089006778662,0.0038608841958732145,True,,1,,130,Li60 Si1 P9 S50 Br10,none,False,,,OBELIX/ordered_cifs/09w_ordered_01.cif
09w,OBELIX/cifs/09w.cif,ok,,Li24.2 Si0.2 P3.8 S20 Br4,Li6.04998 Si0.05 P0.95 S5 Br1,Li6.04998 Si0.05 P0.95 S5 Br1,25,0,0.0,spacegroup+split_site_clusters,0,6,Li,10,5x1x2,0.05,0.016435185185185178,True,8.220678766046596e-07,0.00386089006778662,0.0038608841958732145,True,,2,,130,Li60 Si1 P9 S50 Br10,none,False,,,OBELIX/ordered_cifs/09w_ordered_02.cif
09w,OBELIX/cifs/09w.cif,ok,,Li24.2 Si0.2 P3.8 S20 Br4,Li6.04998 Si0.05 P0.95 S5 Br1,Li6.04998 Si0.05 P0.95 S5 Br1,25,0,0.0,spacegroup+split_site_clusters,0,6,Li,10,5x1x2,0.05,0.016435185185185178,True,8.220678766046596e-07,0.00386089006778662,0.0038608841958732145,True,,3,,130,Li60 Si1 P9 S50 Br10,none,False,,,OBELIX/ordered_cifs/09w_ordered_03.cif
09w,OBELIX/cifs/09w.cif,ok,,Li24.2 Si0.2 P3.8 S20 Br4,Li6.04998 Si0.05 P0.95 S5 Br1,Li6.04998 Si0.05 P0.95 S5 Br1,25,0,0.0,spacegroup+split_site_clusters,0,6,Li,10,5x1x2,0.05,0.016435185185185178,True,8.220678766046596e-07,0.00386089006778662,0.0038608841958732145,True,,4,,130,Li60 Si1 P9 S50 Br10,none,False,,,OBELIX/ordered_cifs/09w_ordered_04.cif
0fh,OBELIX/cifs/0fh.cif,ok,,Li7.2 Al1.2 Ge10.8 P18 O72,Li2.48 Al0.484 Ge3.516 P6 O24,Li2.48 Al0.484 Ge3.516 P6 O24,48,0,0.0,spacegroup,0,0,,2,1x2x1,0.010000000000000009,0.0038518518518518624,True,0.002519519953730495,0.0030106879421948063,0.0005106945445806504,True,,0,,73,Li5 Al1 Ge7 P12 O48,none,False,,,OBELIX/ordered_cifs/0fh_ordered.cif
0fh,OBELIX/cifs/0fh.cif,ok,,Li7.2 Al1.2 Ge10.8 P18 O72,Li2.48 Al0.484 Ge3.516 P6 O24,Li2.48 Al0.484 Ge3.516 P6 O24,48,0,0.0,spacegroup,0,0,,2,1x2x1,0.010000000000000009,0.0038518518518518624,True,0.002519519953730495,0.0030106879421948063,0.0005106945445806504,True,,1,,73,Li5 Al1 Ge7 P12 O48,none,False,,,OBELIX/ordered_cifs/0fh_ordered_01.cif
0fh,OBELIX/cifs/0fh.cif,ok,,Li7.2 Al1.2 Ge10.8 P18 O72,Li2.48 Al0.484 Ge3.516 P6 O24,Li2.48 Al0.484 Ge3.516 P6 O24,48,0,0.0,spacegroup,0,0,,2,1x2x1,0.010000000000000009,0.0038518518518518624,True,0.002519519953730495,0.0030106879421948063,0.0005106945445806504,True,,2,,73,Li5 Al1 Ge7 P12 O48,none,False,,,OBELIX/ordered_cifs/0fh_ordered_02.cif
0fh,OBELIX/cifs/0fh.cif,ok,,Li7.2 Al1.2 Ge10.8 P18 O72,Li2.48 Al0.484 Ge3.516 P6 O24,Li2.48 Al0.484 Ge3.516 P6 O24,48,0,0.0,spacegroup,0,0,,2,1x2x1,0.010000000000000009,0.0038518518518518624,True,0.002519519953730495,0.0030106879421948063,0.0005106945445806504,True,,3,,73,Li5 Al1 Ge7 P12 O48,none,False,,,OBELIX/ordered_cifs/0fh_ordered_03.cif
0fh,OBELIX/cifs/0fh.cif,ok,,Li7.2 Al1.2 Ge10.8 P18 O72,Li2.48 Al0.484 Ge3.516 P6 O24,Li2.48 Al0.484 Ge3.516 P6 O24,48,0,0.0,spacegroup,0,0,,2,1x2x1,0.010000000000000009,0.0038518518518518624,True,0.002519519953730495,0.0030106879421948063,0.0005106945445806504,True,,4,,73,Li5 Al1 Ge7 P12 O48,none,False,,,OBELIX/ordered_cifs/0fh_ordered_04.cif
0ii,OBELIX/cifs/0ii.cif,approximation_warning,Occupancy error 0.080000 exceeds tolerance 0.050000,Na0.48 Li0.02 La0.5 Nb2 O6,Na0.48 Li0.02 La0.5 Nb2 O6,Na0.48 Li0.02 La0.5 Nb2 O6,9,0,0.0,spacegroup,0,0,,10,5x2x1,0.08,0.019999999999999997,False,0.0,0.008888888888888889,0.008888888888888889,True,,0,,90,Na4 Li1 La5 Nb20 O60,none,False,,,OBELIX/ordered_cifs/0ii_ordered.cif
0ii,OBELIX/cifs/0ii.cif,approximation_warning,Occupancy error 0.080000 exceeds tolerance 0.050000,Na0.48 Li0.02 La0.5 Nb2 O6,Na0.48 Li0.02 La0.5 Nb2 O6,Na0.48 Li0.02 La0.5 Nb2 O6,9,0,0.0,spacegroup,0,0,,10,5x2x1,0.08,0.019999999999999997,False,0.0,0.008888888888888889,0.008888888888888889,True,,1,,90,Na4 Li1 La5 Nb20 O60,none,False,,,OBELIX/ordered_cifs/0ii_ordered_01.cif
0ii,OBELIX/cifs/0ii.cif,approximation_warning,Occupancy error 0.080000 exceeds tolerance 0.050000,Na0.48 Li0.02 La0.5 Nb2 O6,Na0.48 Li0.02 La0.5 Nb2 O6,Na0.48 Li0.02 La0.5 Nb2 O6,9,0,0.0,spacegroup,0,0,,10,5x2x1,0.08,0.019999999999999997,False,0.0,0.008888888888888889,0.008888888888888889,True,,2,,90,Na4 Li1 La5 Nb20 O60,none,False,,,OBELIX/ordered_cifs/0ii_ordered_02.cif
0ii,OBELIX/cifs/0ii.cif,approximation_warning,Occupancy error 0.080000 exceeds tolerance 0.050000,Na0.48 Li0.02 La0.5 Nb2 O6,Na0.48 Li0.02 La0.5 Nb2 O6,Na0.48 Li0.02 La0.5 Nb2 O6,9,0,0.0,spacegroup,0,0,,10,5x2x1,0.08,0.019999999999999997,False,0.0,0.008888888888888889,0.008888888888888889,True,,3,,90,Na4 Li1 La5 Nb20 O60,none,False,,,OBELIX/ordered_cifs/0ii_ordered_03.cif
0ii,OBELIX/cifs/0ii.cif,approximation_warning,Occupancy error 0.080000 exceeds tolerance 0.050000,Na0.48 Li0.02 La0.5 Nb2 O6,Na0.48 Li0.02 La0.5 Nb2 O6,Na0.48 Li0.02 La0.5 Nb2 O6,9,0,0.0,spacegroup,0,0,,10,5x2x1,0.08,0.019999999999999997,False,0.0,0.008888888888888889,0.008888888888888889,True,,4,,90,Na4 Li1 La5 Nb20 O60,none,False,,,OBELIX/ordered_cifs/0ii_ordered_04.cif
0iv,OBELIX/cifs/0iv.cif,copied_ordered,,Li4 P2 S6,Li4 P2 S6,Li4 P2 S6,12,0,0.0,,0,0,,,,,,,0.0,0.0,0.0,True,,,,12,Li4 P2 S6,none,False,,,OBELIX/ordered_cifs/0iv_ordered.cif
0o6,OBELIX/cifs/0o6.cif,ok,,Li7.2 Sc1.2 Ti10.8 P18 O72,Li2.276 Sc0.42 Ti3.58 P6 O24,Li2.276 Sc0.42 Ti3.58 P6 O24,48,0,0.0,spacegroup,0,0,,2,1x2x1,0.020000000000000018,0.009666666666666662,True,0.003192859626865552,0.0030106879421948063,0.0027974267299259725,True,,0,,73,Li5 Sc1 Ti7 P12 O48,none,False,,,OBELIX/ordered_cifs/0o6_ordered.cif
0o6,OBELIX/cifs/0o6.cif,ok,,Li7.2 Sc1.2 Ti10.8 P18 O72,Li2.276 Sc0.42 Ti3.58 P6 O24,Li2.276 Sc0.42 Ti3.58 P6 O24,48,0,0.0,spacegroup,0,0,,2,1x2x1,0.020000000000000018,0.009666666666666662,True,0.003192859626865552,0.0030106879421948063,0.0027974267299259725,True,,1,,73,Li5 Sc1 Ti7 P12 O48,none,False,,,OBELIX/ordered_cifs/0o6_ordered_01.cif
0o6,OBELIX/cifs/0o6.cif,ok,,Li7.2 Sc1.2 Ti10.8 P18 O72,Li2.276 Sc0.42 Ti3.58 P6 O24,Li2.276 Sc0.42 Ti3.58 P6 O24,48,0,0.0,spacegroup,0,0,,2,1x2x1,0.020000000000000018,0.009666666666666662,True,0.003192859626865552,0.0030106879421948063,0.0027974267299259725,True,,2,,73,Li5 Sc1 Ti7 P12 O48,none,False,,,OBELIX/ordered_cifs/0o6_ordered_02.cif
0o6,OBELIX/cifs/0o6.cif,ok,,Li7.2 Sc1.2 Ti10.8 P18 O72,Li2.276 Sc0.42 Ti3.58 P6 O24,Li2.276 Sc0.42 Ti3.58 P6 O24,48,0,0.0,spacegroup,0,0,,2,1x2x1,0.020000000000000018,0.009666666666666662,True,0.003192859626865552,0.0030106879421948063,0.0027974267299259725,True,,3,,73,Li5 Sc1 Ti7 P12 O48,none,False,,,OBELIX/ordered_cifs/0o6_ordered_03.cif
0o6,OBELIX/cifs/0o6.cif,ok,,Li7.2 Sc1.2 Ti10.8 P18 O72,Li2.276 Sc0.42 Ti3.58 P6 O24,Li2.276 Sc0.42 Ti3.58 P6 O24,48,0,0.0,spacegroup,0,0,,2,1x2x1,0.020000000000000018,0.009666666666666662,True,0.003192859626865552,0.0030106879421948063,0.0027974267299259725,True,,4,,73,Li5 Sc1 Ti7 P12 O48,none,False,,,OBELIX/ordered_cifs/0o6_ordered_04.cif
10s,OBELIX/cifs/10s.cif,ok,,Li25.4 Si1.4 P2.6 S20 Br4,Li6.34998 Si0.35 P0.65 S5 Br1,Li6.34998 Si0.35 P0.65 S5 Br1,25,0,0.0,spacegroup+split_site_clusters,0,6,Li,5,5x1x1,0.050000000000000044,0.028564814814814803,True,7.85536112102303e-07,0.014116969173148919,0.014116183637036817,True,,0,,65,Li30 Si2 P3 S25 Br5,none,False,,,OBELIX/ordered_cifs/10s_ordered.cif
10s,OBELIX/cifs/10s.cif,ok,,Li25.4 Si1.4 P2.6 S20 Br4,Li6.34998 Si0.35 P0.65 S5 Br1,Li6.34998 Si0.35 P0.65 S5 Br1,25,0,0.0,spacegroup+split_site_clusters,0,6,Li,5,5x1x1,0.050000000000000044,0.028564814814814803,True,7.85536112102303e-07,0.014116969173148919,0.014116183637036817,True,,1,,65,Li30 Si2 P3 S25 Br5,none,False,,,OBELIX/ordered_cifs/10s_ordered_01.cif
10s,OBELIX/cifs/10s.cif,ok,,Li25.4 Si1.4 P2.6 S20 Br4,Li6.34998 Si0.35 P0.65 S5 Br1,Li6.34998 Si0.35 P0.65 S5 Br1,25,0,0.0,spacegroup+split_site_clusters,0,6,Li,5,5x1x1,0.050000000000000044,0.028564814814814803,True,7.85536112102303e-07,0.014116969173148919,0.014116183637036817,True,,2,,65,Li30 Si2 P3 S25 Br5,none,False,,,OBELIX/ordered_cifs/10s_ordered_02.cif
10s,OBELIX/cifs/10s.cif,ok,,Li25.4 Si1.4 P2.6 S20 Br4,Li6.34998 Si0.35 P0.65 S5 Br1,Li6.34998 Si0.35 P0.65 S5 Br1,25,0,0.0,spacegroup+split_site_clusters,0,6,Li,5,5x1x1,0.050000000000000044,0.028564814814814803,True,7.85536112102303e-07,0.014116969173148919,0.014116183637036817,True,,3,,65,Li30 Si2 P3 S25 Br5,none,False,,,OBELIX/ordered_cifs/10s_ordered_03.cif
10s,OBELIX/cifs/10s.cif,ok,,Li25.4 Si1.4 P2.6 S20 Br4,Li6.34998 Si0.35 P0.65 S5 Br1,Li6.34998 Si0.35 P0.65 S5 Br1,25,0,0.0,spacegroup+split_site_clusters,0,6,Li,5,5x1x1,0.050000000000000044,0.028564814814814803,True,7.85536112102303e-07,0.014116969173148919,0.014116183637036817,True,,4,,65,Li30 Si2 P3 S25 Br5,none,False,,,OBELIX/ordered_cifs/10s_ordered_04.cif
11b,OBELIX/cifs/11b.cif,copied_ordered,,Li6 P2,Li6 P2,Li6 P2,8,0,0.0,,0,0,,,,,,,0.0,0.0,0.0,True,,,,8,Li6 P2,none,False,,,OBELIX/ordered_cifs/11b_ordered.cif
122,OBELIX/cifs/122.cif,ok,,Li24 P4 S20 Cl4,Li6 P1 S5 Cl1,Li6 P1 S5 Cl1,19,0,0.0,spacegroup,0,0,,5,5x1x1,0.015000000000000013,0.007500000000000007,True,0.0,0.0,0.0,True,,0,,65,Li30 P5 S25 Cl5,none,False,,,OBELIX/ordered_cifs/122_ordered.cif
122,OBELIX/cifs/122.cif,ok,,Li24 P4 S20 Cl4,Li6 P1 S5 Cl1,Li6 P1 S5 Cl1,19,0,0.0,spacegroup,0,0,,5,5x1x1,0.015000000000000013,0.007500000000000007,True,0.0,0.0,0.0,True,,1,,65,Li30 P5 S25 Cl5,none,False,,,OBELIX/ordered_cifs/122_ordered_01.cif
122,OBELIX/cifs/122.cif,ok,,Li24 P4 S20 Cl4,Li6 P1 S5 Cl1,Li6 P1 S5 Cl1,19,0,0.0,spacegroup,0,0,,5,5x1x1,0.015000000000000013,0.007500000000000007,True,0.0,0.0,0.0,True,,2,,65,Li30 P5 S25 Cl5,none,False,,,OBELIX/ordered_cifs/122_ordered_02.cif
122,OBELIX/cifs/122.cif,ok,,Li24 P4 S20 Cl4,Li6 P1 S5 Cl1,Li6 P1 S5 Cl1,19,0,0.0,spacegroup,0,0,,5,5x1x1,0.015000000000000013,0.007500000000000007,True,0.0,0.0,0.0,True,,3,,65,Li30 P5 S25 Cl5,none,False,,,OBELIX/ordered_cifs/122_ordered_03.cif
122,OBELIX/cifs/122.cif,ok,,Li24 P4 S20 Cl4,Li6 P1 S5 Cl1,Li6 P1 S5 Cl1,19,0,0.0,spacegroup,0,0,,5,5x1x1,0.015000000000000013,0.007500000000000007,True,0.0,0.0,0.0,True,,4,,65,Li30 P5 S25 Cl5,none,False,,,OBELIX/ordered_cifs/122_ordered_04.cif
13q,OBELIX/cifs/13q.cif,ok,,Li20 Sn2 P4 S24,Li20 Sn2 P4 S24,Li20 Sn2 P4 S24,66,0,0.0,spacegroup+split_site_pairs,4,0,Li,3,1x3x1,0.040000000000000036,0.017833333333333354,True,0.0,0.004026845637583931,0.004026845637583931,True,,0,,149,Li59 Sn6 P12 S72,none,False,,,OBELIX/ordered_cifs/13q_ordered.cif
13q,OBELIX/cifs/13q.cif,ok,,Li20 Sn2 P4 S24,Li20 Sn2 P4 S24,Li20 Sn2 P4 S24,66,0,0.0,spacegroup+split_site_pairs,4,0,Li,3,1x3x1,0.040000000000000036,0.017833333333333354,True,0.0,0.004026845637583931,0.004026845637583931,True,,1,,149,Li59 Sn6 P12 S72,none,False,,,OBELIX/ordered_cifs/13q_ordered_01.cif
13q,OBELIX/cifs/13q.cif,ok,,Li20 Sn2 P4 S24,Li20 Sn2 P4 S24,Li20 Sn2 P4 S24,66,0,0.0,spacegroup+split_site_pairs,4,0,Li,3,1x3x1,0.040000000000000036,0.017833333333333354,True,0.0,0.004026845637583931,0.004026845637583931,True,,2,,149,Li59 Sn6 P12 S72,none,False,,,OBELIX/ordered_cifs/13q_ordered_02.cif
13q,OBELIX/cifs/13q.cif,ok,,Li20 Sn2 P4 S24,Li20 Sn2 P4 S24,Li20 Sn2 P4 S24,66,0,0.0,spacegroup+split_site_pairs,4,0,Li,3,1x3x1,0.040000000000000036,0.017833333333333354,True,0.0,0.004026845637583931,0.004026845637583931,True,,3,,149,Li59 Sn6 P12 S72,none,False,,,OBELIX/ordered_cifs/13q_ordered_03.cif
13q,OBELIX/cifs/13q.cif,ok,,Li20 Sn2 P4 S24,Li20 Sn2 P4 S24,Li20 Sn2 P4 S24,66,0,0.0,spacegroup+split_site_pairs,4,0,Li,3,1x3x1,0.040000000000000036,0.017833333333333354,True,0.0,0.004026845637583931,0.004026845637583931,True,,4,,149,Li59 Sn6 P12 S72,none,False,,,OBELIX/ordered_cifs/13q_ordered_04.cif
1dm,OBELIX/cifs/1dm.cif,ok,,Li9.6 Al3.6 Ge8.4 P18 O72,Li2.956 Al0.96 Ge3.04 P6 O24,Li2.956 Al0.96 Ge3.04 P6 O24,48,0,0.0,spacegroup,0,0,,1,1x1x1,0.010000000000000009,0.0030370370370370295,True,0.006991167642543816,0.005812263876780008,0.0,True,,0,,37,Li3 Al1 Ge3 P6 O24,none,False,,,OBELIX/ordered_cifs/1dm_ordered.cif
1dm,OBELIX/cifs/1dm.cif,ok,,Li9.6 Al3.6 Ge8.4 P18 O72,Li2.956 Al0.96 Ge3.04 P6 O24,Li2.956 Al0.96 Ge3.04 P6 O24,48,0,0.0,spacegroup,0,0,,1,1x1x1,0.010000000000000009,0.0030370370370370295,True,0.006991167642543816,0.005812263876780008,0.0,True,,1,,37,Li3 Al1 Ge3 P6 O24,none,False,,,OBELIX/ordered_cifs/1dm_ordered_01.cif
1dm,OBELIX/cifs/1dm.cif,ok,,Li9.6 Al3.6 Ge8.4 P18 O72,Li2.956 Al0.96 Ge3.04 P6 O24,Li2.956 Al0.96 Ge3.04 P6 O24,48,0,0.0,spacegroup,0,0,,1,1x1x1,0.010000000000000009,0.0030370370370370295,True,0.006991167642543816,0.005812263876780008,0.0,True,,2,,37,Li3 Al1 Ge3 P6 O24,none,False,,,OBELIX/ordered_cifs/1dm_ordered_02.cif
1dm,OBELIX/cifs/1dm.cif,ok,,Li9.6 Al3.6 Ge8.4 P18 O72,Li2.956 Al0.96 Ge3.04 P6 O24,Li2.956 Al0.96 Ge3.04 P6 O24,48,0,0.0,spacegroup,0,0,,1,1x1x1,0.010000000000000009,0.0030370370370370295,True,0.006991167642543816,0.005812263876780008,0.0,True,,3,,37,Li3 Al1 Ge3 P6 O24,none,False,,,OBELIX/ordered_cifs/1dm_ordered_03.cif
1dm,OBELIX/cifs/1dm.cif,ok,,Li9.6 Al3.6 Ge8.4 P18 O72,Li2.956 Al0.96 Ge3.04 P6 O24,Li2.956 Al0.96 Ge3.04 P6 O24,48,0,0.0,spacegroup,0,0,,1,1x1x1,0.010000000000000009,0.0030370370370370295,True,0.006991167642543816,0.005812263876780008,0.0,True,,4,,37,Li3 Al1 Ge3 P6 O24,none,False,,,OBELIX/ordered_cifs/1dm_ordered_04.cif
1e9,OBELIX/cifs/1e9.cif,copied_ordered,,Li12 Sb4 S12,Li12 Sb4 S12,Li12 Sb4 S12,28,0,0.0,,0,0,,,,,,,0.0,0.0,0.0,True,,,,28,Li12 Sb4 S12,none,False,,,OBELIX/ordered_cifs/1e9_ordered.cif
1kq,OBELIX/cifs/1kq.cif,ok,,Li24 P4 Se2.8 S17.2 Br4,Li6.006 P1 Se0.7 S4.3 Br1,Li6.006 P1 Se0.7 S4.3 Br1,25,0,0.0,spacegroup+split_site_clusters,0,6,Li,5,1x5x1,0.047760000000000025,0.017954999999999992,True,0.00024840606110787533,0.0076923076923077205,0.007667467086196908,True,,0,,65,Li30 P5 Se3 S22 Br5,none,False,,,OBELIX/ordered_cifs/1kq_ordered.cif
1kq,OBELIX/cifs/1kq.cif,ok,,Li24 P4 Se2.8 S17.2 Br4,Li6.006 P1 Se0.7 S4.3 Br1,Li6.006 P1 Se0.7 S4.3 Br1,25,0,0.0,spacegroup+split_site_clusters,0,6,Li,5,1x5x1,0.047760000000000025,0.017954999999999992,True,0.00024840606110787533,0.0076923076923077205,0.007667467086196908,True,,1,,65,Li30 P5 Se3 S22 Br5,none,False,,,OBELIX/ordered_cifs/1kq_ordered_01.cif
1kq,OBELIX/cifs/1kq.cif,ok,,Li24 P4 Se2.8 S17.2 Br4,Li6.006 P1 Se0.7 S4.3 Br1,Li6.006 P1 Se0.7 S4.3 Br1,25,0,0.0,spacegroup+split_site_clusters,0,6,Li,5,1x5x1,0.047760000000000025,0.017954999999999992,True,0.00024840606110787533,0.0076923076923077205,0.007667467086196908,True,,2,,65,Li30 P5 Se3 S22 Br5,none,False,,,OBELIX/ordered_cifs/1kq_ordered_02.cif
1kq,OBELIX/cifs/1kq.cif,ok,,Li24 P4 Se2.8 S17.2 Br4,Li6.006 P1 Se0.7 S4.3 Br1,Li6.006 P1 Se0.7 S4.3 Br1,25,0,0.0,spacegroup+split_site_clusters,0,6,Li,5,1x5x1,0.047760000000000025,0.017954999999999992,True,0.00024840606110787533,0.0076923076923077205,0.007667467086196908,True,,3,,65,Li30 P5 Se3 S22 Br5,none,False,,,OBELIX/ordered_cifs/1kq_ordered_03.cif
1kq,OBELIX/cifs/1kq.cif,ok,,Li24 P4 Se2.8 S17.2 Br4,Li6.006 P1 Se0.7 S4.3 Br1,Li6.006 P1 Se0.7 S4.3 Br1,25,0,0.0,spacegroup+split_site_clusters,0,6,Li,5,1x5x1,0.047760000000000025,0.017954999999999992,True,0.00024840606110787533,0.0076923076923077205,0.007667467086196908,True,,4,,65,Li30 P5 Se3 S22 Br5,none,False,,,OBELIX/ordered_cifs/1kq_ordered_04.cif
1m8,OBELIX/cifs/1m8.cif,ok,,Li27.2 Ge3.2 P0.8 S20 I4,Li6.672 Ge0.79 P0.21 S5 I1,Li6.672 Ge0.79 P0.21 S5 I1,25,0,0.0,spacegroup,0,0,,9,3x3x1,0.03811111111111121,0.016707070707070722,True,0.004748942088347252,0.004948745139625288,0.0009003030346277745,True,,0,,123,Li60 Ge7 P2 S45 I9,none,False,,,OBELIX/ordered_cifs/1m8_ordered.cif
1m8,OBELIX/cifs/1m8.cif,ok,,Li27.2 Ge3.2 P0.8 S20 I4,Li6.672 Ge0.79 P0.21 S5 I1,Li6.672 Ge0.79 P0.21 S5 I1,25,0,0.0,spacegroup,0,0,,9,3x3x1,0.03811111111111121,0.016707070707070722,True,0.004748942088347252,0.004948745139625288,0.0009003030346277745,True,,1,,123,Li60 Ge7 P2 S45 I9,none,False,,,OBELIX/ordered_cifs/1m8_ordered_01.cif
1m8,OBELIX/cifs/1m8.cif,ok,,Li27.2 Ge3.2 P0.8 S20 I4,Li6.672 Ge0.79 P0.21 S5 I1,Li6.672 Ge0.79 P0.21 S5 I1,25,0,0.0,spacegroup,0,0,,9,3x3x1,0.03811111111111121,0.016707070707070722,True,0.004748942088347252,0.004948745139625288,0.0009003030346277745,True,,2,,123,Li60 Ge7 P2 S45 I9,none,False,,,OBELIX/ordered_cifs/1m8_ordered_02.cif
1m8,OBELIX/cifs/1m8.cif,ok,,Li27.2 Ge3.2 P0.8 S20 I4,Li6.672 Ge0.79 P0.21 S5 I1,Li6.672 Ge0.79 P0.21 S5 I1,25,0,0.0,spacegroup,0,0,,9,3x3x1,0.03811111111111121,0.016707070707070722,True,0.004748942088347252,0.004948745139625288,0.0009003030346277745,True,,3,,123,Li60 Ge7 P2 S45 I9,none,False,,,OBELIX/ordered_cifs/1m8_ordered_03.cif
1m8,OBELIX/cifs/1m8.cif,ok,,Li27.2 Ge3.2 P0.8 S20 I4,Li6.672 Ge0.79 P0.21 S5 I1,Li6.672 Ge0.79 P0.21 S5 I1,25,0,0.0,spacegroup,0,0,,9,3x3x1,0.03811111111111121,0.016707070707070722,True,0.004748942088347252,0.004948745139625288,0.0009003030346277745,True,,4,,123,Li60 Ge7 P2 S45 I9,none,False,,,OBELIX/ordered_cifs/1m8_ordered_04.cif
1ty,OBELIX/cifs/1ty.cif,ok,,Li16 Ge4 Se4 S12,Li16.0 Ge4 Se4.232 S11.768,Li16.0 Ge4 Se4.232 S11.768,48,0,0.0,spacegroup+split_site_pairs,12,0,Li,2,2x1x1,0.04800000000000004,0.004093749999999999,True,0.006444444444444475,0.013888888888888895,0.007444444444444531,True,,0,,72,Li32 Ge8 Se9 S23,none,False,,,OBELIX/ordered_cifs/1ty_ordered.cif
1ty,OBELIX/cifs/1ty.cif,ok,,Li16 Ge4 Se4 S12,Li16.0 Ge4 Se4.232 S11.768,Li16.0 Ge4 Se4.232 S11.768,48,0,0.0,spacegroup+split_site_pairs,12,0,Li,2,2x1x1,0.04800000000000004,0.004093749999999999,True,0.006444444444444475,0.013888888888888895,0.007444444444444531,True,,1,,72,Li32 Ge8 Se9 S23,none,False,,,OBELIX/ordered_cifs/1ty_ordered_01.cif
1ty,OBELIX/cifs/1ty.cif,ok,,Li16 Ge4 Se4 S12,Li16.0 Ge4 Se4.232 S11.768,Li16.0 Ge4 Se4.232 S11.768,48,0,0.0,spacegroup+split_site_pairs,12,0,Li,2,2x1x1,0.04800000000000004,0.004093749999999999,True,0.006444444444444475,0.013888888888888895,0.007444444444444531,True,,2,,72,Li32 Ge8 Se9 S23,none,False,,,OBELIX/ordered_cifs/1ty_ordered_02.cif
1ty,OBELIX/cifs/1ty.cif,ok,,Li16 Ge4 Se4 S12,Li16.0 Ge4 Se4.232 S11.768,Li16.0 Ge4 Se4.232 S11.768,48,0,0.0,spacegroup+split_site_pairs,12,0,Li,2,2x1x1,0.04800000000000004,0.004093749999999999,True,0.006444444444444475,0.013888888888888895,0.007444444444444531,True,,3,,72,Li32 Ge8 Se9 S23,none,False,,,OBELIX/ordered_cifs/1ty_ordered_03.cif
1ty,OBELIX/cifs/1ty.cif,ok,,Li16 Ge4 Se4 S12,Li16.0 Ge4 Se4.232 S11.768,Li16.0 Ge4 Se4.232 S11.768,48,0,0.0,spacegroup+split_site_pairs,12,0,Li,2,2x1x1,0.04800000000000004,0.004093749999999999,True,0.006444444444444475,0.013888888888888895,0.007444444444444531,True,,4,,72,Li32 Ge8 Se9 S23,none,False,,,OBELIX/ordered_cifs/1ty_ordered_04.cif
1xf,OBELIX/cifs/1xf.cif,ok,,Li9 Al3 Ge9 P18 O72,Li2.968 Al0.96 Ge3.04 P6 O24,Li2.968 Al0.96 Ge3.04 P6 O24,48,0,0.0,spacegroup,0,0,,3,1x3x1,0.016666666666666663,0.00595061728395062,True,0.0011522017581312022,0.0,0.0,True,,0,,111,Li9 Al3 Ge9 P18 O72,none,False,,,OBELIX/ordered_cifs/1xf_ordered.cif
1xf,OBELIX/cifs/1xf.cif,ok,,Li9 Al3 Ge9 P18 O72,Li2.968 Al0.96 Ge3.04 P6 O24,Li2.968 Al0.96 Ge3.04 P6 O24,48,0,0.0,spacegroup,0,0,,3,1x3x1,0.016666666666666663,0.00595061728395062,True,0.0011522017581312022,0.0,0.0,True,,1,,111,Li9 Al3 Ge9 P18 O72,none,False,,,OBELIX/ordered_cifs/1xf_ordered_01.cif
1xf,OBELIX/cifs/1xf.cif,ok,,Li9 Al3 Ge9 P18 O72,Li2.968 Al0.96 Ge3.04 P6 O24,Li2.968 Al0.96 Ge3.04 P6 O24,48,0,0.0,spacegroup,0,0,,3,1x3x1,0.016666666666666663,0.00595061728395062,True,0.0011522017581312022,0.0,0.0,True,,2,,111,Li9 Al3 Ge9 P18 O72,none,False,,,OBELIX/ordered_cifs/1xf_ordered_02.cif
1xf,OBELIX/cifs/1xf.cif,ok,,Li9 Al3 Ge9 P18 O72,Li2.968 Al0.96 Ge3.04 P6 O24,Li2.968 Al0.96 Ge3.04 P6 O24,48,0,0.0,spacegroup,0,0,,3,1x3x1,0.016666666666666663,0.00595061728395062,True,0.0011522017581312022,0.0,0.0,True,,3,,111,Li9 Al3 Ge9 P18 O72,none,False,,,OBELIX/ordered_cifs/1xf_ordered_03.cif
1xf,OBELIX/cifs/1xf.cif,ok,,Li9 Al3 Ge9 P18 O72,Li2.968 Al0.96 Ge3.04 P6 O24,Li2.968 Al0.96 Ge3.04 P6 O24,48,0,0.0,spacegroup,0,0,,3,1x3x1,0.016666666666666663,0.00595061728395062,True,0.0011522017581312022,0.0,0.0,True,,4,,111,Li9 Al3 Ge9 P18 O72,none,False,,,OBELIX/ordered_cifs/1xf_ordered_04.cif
1xt,OBELIX/cifs/1xt.cif,copied_ordered,,Li8 Sb8 O16,Li8 Sb8 O16,Li8 Sb8 O16,32,0,0.0,,0,0,,,,,,,0.0,0.0,0.0,True,,,,32,Li8 Sb8 O16,none,False,,,OBELIX/ordered_cifs/1xt_ordered.cif
20k,OBELIX/cifs/20k.cif,ok,,Sr8 Li48 La16 Nb16 O96,Sr3.996 Li23.976 La8.004 Nb8 O48,Sr3.996 Li23.976 La8.004 Nb8 O48,128,0,0.0,spacegroup,0,0,,1,1x1x1,0.006666666666666654,0.002291666666666664,True,0.00019286694827752582,0.0,0.0,True,,0,,92,Sr4 Li24 La8 Nb8 O48,none,False,,,OBELIX/ordered_cifs/20k_ordered.cif
20k,OBELIX/cifs/20k.cif,ok,,Sr8 Li48 La16 Nb16 O96,Sr3.996 Li23.976 La8.004 Nb8 O48,Sr3.996 Li23.976 La8.004 Nb8 O48,128,0,0.0,spacegroup,0,0,,1,1x1x1,0.006666666666666654,0.002291666666666664,True,0.00019286694827752582,0.0,0.0,True,,1,,92,Sr4 Li24 La8 Nb8 O48,none,False,,,OBELIX/ordered_cifs/20k_ordered_01.cif
20k,OBELIX/cifs/20k.cif,ok,,Sr8 Li48 La16 Nb16 O96,Sr3.996 Li23.976 La8.004 Nb8 O48,Sr3.996 Li23.976 La8.004 Nb8 O48,128,0,0.0,spacegroup,0,0,,1,1x1x1,0.006666666666666654,0.002291666666666664,True,0.00019286694827752582,0.0,0.0,True,,2,,92,Sr4 Li24 La8 Nb8 O48,none,False,,,OBELIX/ordered_cifs/20k_ordered_02.cif
20k,OBELIX/cifs/20k.cif,ok,,Sr8 Li48 La16 Nb16 O96,Sr3.996 Li23.976 La8.004 Nb8 O48,Sr3.996 Li23.976 La8.004 Nb8 O48,128,0,0.0,spacegroup,0,0,,1,1x1x1,0.006666666666666654,0.002291666666666664,True,0.00019286694827752582,0.0,0.0,True,,3,,92,Sr4 Li24 La8 Nb8 O48,none,False,,,OBELIX/ordered_cifs/20k_ordered_03.cif
20k,OBELIX/cifs/20k.cif,ok,,Sr8 Li48 La16 Nb16 O96,Sr3.996 Li23.976 La8.004 Nb8 O48,Sr3.996 Li23.976 La8.004 Nb8 O48,128,0,0.0,spacegroup,0,0,,1,1x1x1,0.006666666666666654,0.002291666666666664,True,0.00019286694827752582,0.0,0.0,True,,4,,92,Sr4 Li24 La8 Nb8 O48,none,False,,,OBELIX/ordered_cifs/20k_ordered_04.cif
240,OBELIX/cifs/240.cif,ok,,Li64 Ge8 P32,Li64.016 Ge8 P32,Li64.016 Ge8 P32,120,0,0.0,spacegroup,0,0,,2,1x2x1,0.030000000000000027,0.006282051282051287,True,5.916249571091825e-05,0.0,0.0,True,,0,,208,Li128 Ge16 P64,none,False,,,OBELIX/ordered_cifs/240_ordered.cif
240,OBELIX/cifs/240.cif,ok,,Li64 Ge8 P32,Li64.016 Ge8 P32,Li64.016 Ge8 P32,120,0,0.0,spacegroup,0,0,,2,1x2x1,0.030000000000000027,0.006282051282051287,True,5.916249571091825e-05,0.0,0.0,True,,1,,208,Li128 Ge16 P64,none,False,,,OBELIX/ordered_cifs/240_ordered_01.cif
240,OBELIX/cifs/240.cif,ok,,Li64 Ge8 P32,Li64.016 Ge8 P32,Li64.016 Ge8 P32,120,0,0.0,spacegroup,0,0,,2,1x2x1,0.030000000000000027,0.006282051282051287,True,5.916249571091825e-05,0.0,0.0,True,,2,,208,Li128 Ge16 P64,none,False,,,OBELIX/ordered_cifs/240_ordered_02.cif
240,OBELIX/cifs/240.cif,ok,,Li64 Ge8 P32,Li64.016 Ge8 P32,Li64.016 Ge8 P32,120,0,0.0,spacegroup,0,0,,2,1x2x1,0.030000000000000027,0.006282051282051287,True,5.916249571091825e-05,0.0,0.0,True,,3,,208,Li128 Ge16 P64,none,False,,,OBELIX/ordered_cifs/240_ordered_03.cif
240,OBELIX/cifs/240.cif,ok,,Li64 Ge8 P32,Li64.016 Ge8 P32,Li64.016 Ge8 P32,120,0,0.0,spacegroup,0,0,,2,1x2x1,0.030000000000000027,0.006282051282051287,True,5.916249571091825e-05,0.0,0.0,True,,4,,208,Li128 Ge16 P64,none,False,,,OBELIX/ordered_cifs/240_ordered_04.cif
24k,OBELIX/cifs/24k.cif,ok,,Li28 Ge12 P4 S48,Li3.4608 Ge1.5402 P0.499 S6,Li3.4608 Ge1.5402 P0.499 S6,19,0,0.0,spacegroup,0,0,,2,1x2x1,0.0032666666666666955,0.0010666666666666706,True,0.0034956521739130386,0.0,0.0,True,,0,,23,Li7 Ge3 P1 S12,none,False,,,OBELIX/ordered_cifs/24k_ordered.cif
24k,OBELIX/cifs/24k.cif,ok,,Li28 Ge12 P4 S48,Li3.4608 Ge1.5402 P0.499 S6,Li3.4608 Ge1.5402 P0.499 S6,19,0,0.0,spacegroup,0,0,,2,1x2x1,0.0032666666666666955,0.0010666666666666706,True,0.0034956521739130386,0.0,0.0,True,,1,,23,Li7 Ge3 P1 S12,none,False,,,OBELIX/ordered_cifs/24k_ordered_01.cif
24k,OBELIX/cifs/24k.cif,ok,,Li28 Ge12 P4 S48,Li3.4608 Ge1.5402 P0.499 S6,Li3.4608 Ge1.5402 P0.499 S6,19,0,0.0,spacegroup,0,0,,2,1x2x1,0.0032666666666666955,0.0010666666666666706,True,0.0034956521739130386,0.0,0.0,True,,2,,23,Li7 Ge3 P1 S12,none,False,,,OBELIX/ordered_cifs/24k_ordered_02.cif
24k,OBELIX/cifs/24k.cif,ok,,Li28 Ge12 P4 S48,Li3.4608 Ge1.5402 P0.499 S6,Li3.4608 Ge1.5402 P0.499 S6,19,0,0.0,spacegroup,0,0,,2,1x2x1,0.0032666666666666955,0.0010666666666666706,True,0.0034956521739130386,0.0,0.0,True,,3,,23,Li7 Ge3 P1 S12,none,False,,,OBELIX/ordered_cifs/24k_ordered_03.cif
24k,OBELIX/cifs/24k.cif,ok,,Li28 Ge12 P4 S48,Li3.4608 Ge1.5402 P0.499 S6,Li3.4608 Ge1.5402 P0.499 S6,19,0,0.0,spacegroup,0,0,,2,1x2x1,0.0032666666666666955,0.0010666666666666706,True,0.0034956521739130386,0.0,0.0,True,,4,,23,Li7 Ge3 P1 S12,none,False,,,OBELIX/ordered_cifs/24k_ordered_04.cif
2d1,OBELIX/cifs/2d1.cif,ok,,Li44 La24 Y2 Nb14 O96,Li22.01616 La12 Y1 Nb7 O48,Li22.01616 La12 Y1 Nb7 O48,152,0,0.0,spacegroup,0,0,,1,1x1x1,0.031333333333333324,0.009300666666666665,True,0.0001356398426436145,0.0,0.0,True,,0,,90,Li22 La12 Y1 Nb7 O48,none,False,,,OBELIX/ordered_cifs/2d1_ordered.cif
2d1,OBELIX/cifs/2d1.cif,ok,,Li44 La24 Y2 Nb14 O96,Li22.01616 La12 Y1 Nb7 O48,Li22.01616 La12 Y1 Nb7 O48,152,0,0.0,spacegroup,0,0,,1,1x1x1,0.031333333333333324,0.009300666666666665,True,0.0001356398426436145,0.0,0.0,True,,1,,90,Li22 La12 Y1 Nb7 O48,none,False,,,OBELIX/ordered_cifs/2d1_ordered_01.cif
2d1,OBELIX/cifs/2d1.cif,ok,,Li44 La24 Y2 Nb14 O96,Li22.01616 La12 Y1 Nb7 O48,Li22.01616 La12 Y1 Nb7 O48,152,0,0.0,spacegroup,0,0,,1,1x1x1,0.031333333333333324,0.009300666666666665,True,0.0001356398426436145,0.0,0.0,True,,2,,90,Li22 La12 Y1 Nb7 O48,none,False,,,OBELIX/ordered_cifs/2d1_ordered_02.cif
2d1,OBELIX/cifs/2d1.cif,ok,,Li44 La24 Y2 Nb14 O96,Li22.01616 La12 Y1 Nb7 O48,Li22.01616 La12 Y1 Nb7 O48,152,0,0.0,spacegroup,0,0,,1,1x1x1,0.031333333333333324,0.009300666666666665,True,0.0001356398426436145,0.0,0.0,True,,3,,90,Li22 La12 Y1 Nb7 O48,none,False,,,OBELIX/ordered_cifs/2d1_ordered_03.cif
2d1,OBELIX/cifs/2d1.cif,ok,,Li44 La24 Y2 Nb14 O96,Li22.01616 La12 Y1 Nb7 O48,Li22.01616 La12 Y1 Nb7 O48,152,0,0.0,spacegroup,0,0,,1,1x1x1,0.031333333333333324,0.009300666666666665,True,0.0001356398426436145,0.0,0.0,True,,4,,90,Li22 La12 Y1 Nb7 O48,none,False,,,OBELIX/ordered_cifs/2d1_ordered_04.cif
2r7,OBELIX/cifs/2r7.cif,ok,,Li12 Cr4 Mo12 O48,Li12.004 Cr3.996 Mo12 O48,Li12.004 Cr3.996 Mo12 O48,76,0,0.0,spacegroup,0,0,,2,2x1x1,0.008000000000000007,0.0017857142857142833,True,5.263157894744297e-05,0.0,0.0,True,,0,,152,Li24 Cr8 Mo24 O96,none,False,,,OBELIX/ordered_cifs/2r7_ordered.cif
2r7,OBELIX/cifs/2r7.cif,ok,,Li12 Cr4 Mo12 O48,Li12.004 Cr3.996 Mo12 O48,Li12.004 Cr3.996 Mo12 O48,76,0,0.0,spacegroup,0,0,,2,2x1x1,0.008000000000000007,0.0017857142857142833,True,5.263157894744297e-05,0.0,0.0,True,,1,,152,Li24 Cr8 Mo24 O96,none,False,,,OBELIX/ordered_cifs/2r7_ordered_01.cif
2r7,OBELIX/cifs/2r7.cif,ok,,Li12 Cr4 Mo12 O48,Li12.004 Cr3.996 Mo12 O48,Li12.004 Cr3.996 Mo12 O48,76,0,0.0,spacegroup,0,0,,2,2x1x1,0.008000000000000007,0.0017857142857142833,True,5.263157894744297e-05,0.0,0.0,True,,2,,152,Li24 Cr8 Mo24 O96,none,False,,,OBELIX/ordered_cifs/2r7_ordered_02.cif
2r7,OBELIX/cifs/2r7.cif,ok,,Li12 Cr4 Mo12 O48,Li12.004 Cr3.996 Mo12 O48,Li12.004 Cr3.996 Mo12 O48,76,0,0.0,spacegroup,0,0,,2,2x1x1,0.008000000000000007,0.0017857142857142833,True,5.263157894744297e-05,0.0,0.0,True,,3,,152,Li24 Cr8 Mo24 O96,none,False,,,OBELIX/ordered_cifs/2r7_ordered_03.cif
2r7,OBELIX/cifs/2r7.cif,ok,,Li12 Cr4 Mo12 O48,Li12.004 Cr3.996 Mo12 O48,Li12.004 Cr3.996 Mo12 O48,76,0,0.0,spacegroup,0,0,,2,2x1x1,0.008000000000000007,0.0017857142857142833,True,5.263157894744297e-05,0.0,0.0,True,,4,,152,Li24 Cr8 Mo24 O96,none,False,,,OBELIX/ordered_cifs/2r7_ordered_04.cif
2t8,OBELIX/cifs/2t8.cif,ok,,Li2 V2 P2 O8 F2,Li2 V2 P2 O8 F2,Li2 V2 P2 O8 F2,18,0,0.0,spacegroup+split_site_pairs,2,0,Li,1,1x1x1,0.0,0.0,True,0.0,0.0,0.0,True,,0,,16,Li2 V2 P2 O8 F2,none,False,,,OBELIX/ordered_cifs/2t8_ordered.cif
2uv,OBELIX/cifs/2uv.cif,copied_ordered,,Li16 Sn4 Se16,Li16 Sn4 Se16,Li16 Sn4 Se16,36,0,0.0,,0,0,,,,,,,0.0,0.0,0.0,True,,,,36,Li16 Sn4 Se16,none,False,,,OBELIX/ordered_cifs/2uv_ordered.cif
2wb,OBELIX/cifs/2wb.cif,ok,,Li52.8 La24 Zr12.8 Ta3.2 O96,Li26.4 La12 Zr6.4 Ta1.6 O48,Li26.4 La12 Zr6.4 Ta1.6 O48,128,0,0.0,spacegroup,0,0,,1,1x1x1,0.050000000000000044,0.023125000000000007,True,1.1102230246251565e-16,0.004638715432649418,0.004638715432649404,True,,0,,95,Li27 La12 Zr6 Ta2 O48,none,False,,,OBELIX/ordered_cifs/2wb_ordered.cif
2wb,OBELIX/cifs/2wb.cif,ok,,Li52.8 La24 Zr12.8 Ta3.2 O96,Li26.4 La12 Zr6.4 Ta1.6 O48,Li26.4 La12 Zr6.4 Ta1.6 O48,128,0,0.0,spacegroup,0,0,,1,1x1x1,0.050000000000000044,0.023125000000000007,True,1.1102230246251565e-16,0.004638715432649418,0.004638715432649404,True,,1,,95,Li27 La12 Zr6 Ta2 O48,none,False,,,OBELIX/ordered_cifs/2wb_ordered_01.cif
2wb,OBELIX/cifs/2wb.cif,ok,,Li52.8 La24 Zr12.8 Ta3.2 O96,Li26.4 La12 Zr6.4 Ta1.6 O48,Li26.4 La12 Zr6.4 Ta1.6 O48,128,0,0.0,spacegroup,0,0,,1,1x1x1,0.050000000000000044,0.023125000000000007,True,1.1102230246251565e-16,0.004638715432649418,0.004638715432649404,True,,2,,95,Li27 La12 Zr6 Ta2 O48,none,False,,,OBELIX/ordered_cifs/2wb_ordered_02.cif
2wb,OBELIX/cifs/2wb.cif,ok,,Li52.8 La24 Zr12.8 Ta3.2 O96,Li26.4 La12 Zr6.4 Ta1.6 O48,Li26.4 La12 Zr6.4 Ta1.6 O48,128,0,0.0,spacegroup,0,0,,1,1x1x1,0.050000000000000044,0.023125000000000007,True,1.1102230246251565e-16,0.004638715432649418,0.004638715432649404,True,,3,,95,Li27 La12 Zr6 Ta2 O48,none,False,,,OBELIX/ordered_cifs/2wb_ordered_03.cif
2wb,OBELIX/cifs/2wb.cif,ok,,Li52.8 La24 Zr12.8 Ta3.2 O96,Li26.4 La12 Zr6.4 Ta1.6 O48,Li26.4 La12 Zr6.4 Ta1.6 O48,128,0,0.0,spacegroup,0,0,,1,1x1x1,0.050000000000000044,0.023125000000000007,True,1.1102230246251565e-16,0.004638715432649418,0.004638715432649404,True,,4,,95,Li27 La12 Zr6 Ta2 O48,none,False,,,OBELIX/ordered_cifs/2wb_ordered_04.cif
3nb,OBELIX/cifs/3nb.cif,ok,,Li2 Ce1 Sm1 Mo4 O16,Li1 Ce0.5 Sm0.5 Mo2 O8,Li1 Ce0.5 Sm0.5 Mo2 O8,12,0,0.0,spacegroup,0,0,,2,1x2x1,0.0,0.0,True,0.0,0.0,0.0,True,,0,,24,Li2 Ce1 Sm1 Mo4 O16,none,False,,,OBELIX/ordered_cifs/3nb_ordered.cif
3nb,OBELIX/cifs/3nb.cif,ok,,Li2 Ce1 Sm1 Mo4 O16,Li1 Ce0.5 Sm0.5 Mo2 O8,Li1 Ce0.5 Sm0.5 Mo2 O8,12,0,0.0,spacegroup,0,0,,2,1x2x1,0.0,0.0,True,0.0,0.0,0.0,True,,1,,24,Li2 Ce1 Sm1 Mo4 O16,none,False,,,OBELIX/ordered_cifs/3nb_ordered_01.cif
3nb,OBELIX/cifs/3nb.cif,ok,,Li2 Ce1 Sm1 Mo4 O16,Li1 Ce0.5 Sm0.5 Mo2 O8,Li1 Ce0.5 Sm0.5 Mo2 O8,12,0,0.0,spacegroup,0,0,,2,1x2x1,0.0,0.0,True,0.0,0.0,0.0,True,,2,,24,Li2 Ce1 Sm1 Mo4 O16,none,False,,,OBELIX/ordered_cifs/3nb_ordered_02.cif
3rh,OBELIX/cifs/3rh.cif,ok,,Li52 La24 Y6 Nb10 O96,Li26.00016 La12 Y3 Nb5 O48,Li26.00016 La12 Y3 Nb5 O48,152,0,0.0,spacegroup,0,0,,1,1x1x1,0.03833333333333333,0.010833999999999993,True,1.231324296413483e-06,0.0,0.0,True,,0,,94,Li26 La12 Y3 Nb5 O48,none,False,,,OBELIX/ordered_cifs/3rh_ordered.cif
3rh,OBELIX/cifs/3rh.cif,ok,,Li52 La24 Y6 Nb10 O96,Li26.00016 La12 Y3 Nb5 O48,Li26.00016 La12 Y3 Nb5 O48,152,0,0.0,spacegroup,0,0,,1,1x1x1,0.03833333333333333,0.010833999999999993,True,1.231324296413483e-06,0.0,0.0,True,,1,,94,Li26 La12 Y3 Nb5 O48,none,False,,,OBELIX/ordered_cifs/3rh_ordered_01.cif
3rh,OBELIX/cifs/3rh.cif,ok,,Li52 La24 Y6 Nb10 O96,Li26.00016 La12 Y3 Nb5 O48,Li26.00016 La12 Y3 Nb5 O48,152,0,0.0,spacegroup,0,0,,1,1x1x1,0.03833333333333333,0.010833999999999993,True,1.231324296413483e-06,0.0,0.0,True,,2,,94,Li26 La12 Y3 Nb5 O48,none,False,,,OBELIX/ordered_cifs/3rh_ordered_02.cif
3rh,OBELIX/cifs/3rh.cif,ok,,Li52 La24 Y6 Nb10 O96,Li26.00016 La12 Y3 Nb5 O48,Li26.00016 La12 Y3 Nb5 O48,152,0,0.0,spacegroup,0,0,,1,1x1x1,0.03833333333333333,0.010833999999999993,True,1.231324296413483e-06,0.0,0.0,True,,3,,94,Li26 La12 Y3 Nb5 O48,none,False,,,OBELIX/ordered_cifs/3rh_ordered_03.cif
3rh,OBELIX/cifs/3rh.cif,ok,,Li52 La24 Y6 Nb10 O96,Li26.00016 La12 Y3 Nb5 O48,Li26.00016 La12 Y3 Nb5 O48,152,0,0.0,spacegroup,0,0,,1,1x1x1,0.03833333333333333,0.010833999999999993,True,1.231324296413483e-06,0.0,0.0,True,,4,,94,Li26 La12 Y3 Nb5 O48,none,False,,,OBELIX/ordered_cifs/3rh_ordered_04.cif
3rx,OBELIX/cifs/3rx.cif,copied_ordered,,Li2 Nd2 Ti2 O8,Li2 Nd2 Ti2 O8,Li2 Nd2 Ti2 O8,14,0,0.0,,0,0,,,,,,,0.0,0.0,0.0,True,,,,14,Li2 Nd2 Ti2 O8,none,False,,,OBELIX/ordered_cifs/3rx_ordered.cif
3uq,OBELIX/cifs/3uq.cif,ok,,Li7.8 Al1.8 Ge10.2 P18 O72,Li2.468 Al0.476 Ge3.524 P6 O24,Li2.468 Al0.476 Ge3.524 P6 O24,48,0,0.0,spacegroup,0,0,,2,1x2x1,0.020000000000000018,0.005925925925925924,True,0.0037364893902042118,0.002994236095516134,0.0,True,,0,,73,Li5 Al1 Ge7 P12 O48,none,False,,,OBELIX/ordered_cifs/3uq_ordered.cif
3uq,OBELIX/cifs/3uq.cif,ok,,Li7.8 Al1.8 Ge10.2 P18 O72,Li2.468 Al0.476 Ge3.524 P6 O24,Li2.468 Al0.476 Ge3.524 P6 O24,48,0,0.0,spacegroup,0,0,,2,1x2x1,0.020000000000000018,0.005925925925925924,True,0.0037364893902042118,0.002994236095516134,0.0,True,,1,,73,Li5 Al1 Ge7 P12 O48,none,False,,,OBELIX/ordered_cifs/3uq_ordered_01.cif
3uq,OBELIX/cifs/3uq.cif,ok,,Li7.8 Al1.8 Ge10.2 P18 O72,Li2.468 Al0.476 Ge3.524 P6 O24,Li2.468 Al0.476 Ge3.524 P6 O24,48,0,0.0,spacegroup,0,0,,2,1x2x1,0.020000000000000018,0.005925925925925924,True,0.0037364893902042118,0.002994236095516134,0.0,True,,2,,73,Li5 Al1 Ge7 P12 O48,none,False,,,OBELIX/ordered_cifs/3uq_ordered_02.cif
3uq,OBELIX/cifs/3uq.cif,ok,,Li7.8 Al1.8 Ge10.2 P18 O72,Li2.468 Al0.476 Ge3.524 P6 O24,Li2.468 Al0.476 Ge3.524 P6 O24,48,0,0.0,spacegroup,0,0,,2,1x2x1,0.020000000000000018,0.005925925925925924,True,0.0037364893902042118,0.002994236095516134,0.0,True,,3,,73,Li5 Al1 Ge7 P12 O48,none,False,,,OBELIX/ordered_cifs/3uq_ordered_03.cif
3uq,OBELIX/cifs/3uq.cif,ok,,Li7.8 Al1.8 Ge10.2 P18 O72,Li2.468 Al0.476 Ge3.524 P6 O24,Li2.468 Al0.476 Ge3.524 P6 O24,48,0,0.0,spacegroup,0,0,,2,1x2x1,0.020000000000000018,0.005925925925925924,True,0.0037364893902042118,0.002994236095516134,0.0,True,,4,,73,Li5 Al1 Ge7 P12 O48,none,False,,,OBELIX/ordered_cifs/3uq_ordered_04.cif
3zo,OBELIX/cifs/3zo.cif,ok,,Li24.9 Si0.9 P3.1 S20 Br4,Li6.22506 Si0.225 P0.775 S5 Br1,Li6.22506 Si0.225 P0.775 S5 Br1,25,0,0.0,spacegroup+split_site_clusters,0,6,Li,5,5x1x1,0.03,0.021273703703703687,True,2.401352736880469e-06,0.009160971353787961,0.00915857000105108,True,,0,,65,Li30 Si1 P4 S25 Br5,none,False,,,OBELIX/ordered_cifs/3zo_ordered.cif
3zo,OBELIX/cifs/3zo.cif,ok,,Li24.9 Si0.9 P3.1 S20 Br4,Li6.22506 Si0.225 P0.775 S5 Br1,Li6.22506 Si0.225 P0.775 S5 Br1,25,0,0.0,spacegroup+split_site_clusters,0,6,Li,5,5x1x1,0.03,0.021273703703703687,True,2.401352736880469e-06,0.009160971353787961,0.00915857000105108,True,,1,,65,Li30 Si1 P4 S25 Br5,none,False,,,OBELIX/ordered_cifs/3zo_ordered_01.cif
3zo,OBELIX/cifs/3zo.cif,ok,,Li24.9 Si0.9 P3.1 S20 Br4,Li6.22506 Si0.225 P0.775 S5 Br1,Li6.22506 Si0.225 P0.775 S5 Br1,25,0,0.0,spacegroup+split_site_clusters,0,6,Li,5,5x1x1,0.03,0.021273703703703687,True,2.401352736880469e-06,0.009160971353787961,0.00915857000105108,True,,2,,65,Li30 Si1 P4 S25 Br5,none,False,,,OBELIX/ordered_cifs/3zo_ordered_02.cif
3zo,OBELIX/cifs/3zo.cif,ok,,Li24.9 Si0.9 P3.1 S20 Br4,Li6.22506 Si0.225 P0.775 S5 Br1,Li6.22506 Si0.225 P0.775 S5 Br1,25,0,0.0,spacegroup+split_site_clusters,0,6,Li,5,5x1x1,0.03,0.021273703703703687,True,2.401352736880469e-06,0.009160971353787961,0.00915857000105108,True,,3,,65,Li30 Si1 P4 S25 Br5,none,False,,,OBELIX/ordered_cifs/3zo_ordered_03.cif
3zo,OBELIX/cifs/3zo.cif,ok,,Li24.9 Si0.9 P3.1 S20 Br4,Li6.22506 Si0.225 P0.775 S5 Br1,Li6.22506 Si0.225 P0.775 S5 Br1,25,0,0.0,spacegroup+split_site_clusters,0,6,Li,5,5x1x1,0.03,0.021273703703703687,True,2.401352736880469e-06,0.009160971353787961,0.00915857000105108,True,,4,,65,Li30 Si1 P4 S25 Br5,none,False,,,OBELIX/ordered_cifs/3zo_ordered_04.cif
419,OBELIX/cifs/419.cif,ok,,Li42.4 La24 Sm1.2 Ta14.8 O96,Li21.264 La12 Sm0.6 Ta7.4 O48,Li21.264 La12 Sm0.6 Ta7.4 O48,152,0,0.0,spacegroup,0,0,,1,1x1x1,0.050000000000000044,0.02053333333333336,True,0.0005465723882880635,0.0045094976570766365,0.004504674959532919,True,,0,,89,Li21 La12 Sm1 Ta7 O48,none,False,,,OBELIX/ordered_cifs/419_ordered.cif
419,OBELIX/cifs/419.cif,ok,,Li42.4 La24 Sm1.2 Ta14.8 O96,Li21.264 La12 Sm0.6 Ta7.4 O48,Li21.264 La12 Sm0.6 Ta7.4 O48,152,0,0.0,spacegroup,0,0,,1,1x1x1,0.050000000000000044,0.02053333333333336,True,0.0005465723882880635,0.0045094976570766365,0.004504674959532919,True,,1,,89,Li21 La12 Sm1 Ta7 O48,none,False,,,OBELIX/ordered_cifs/419_ordered_01.cif
419,OBELIX/cifs/419.cif,ok,,Li42.4 La24 Sm1.2 Ta14.8 O96,Li21.264 La12 Sm0.6 Ta7.4 O48,Li21.264 La12 Sm0.6 Ta7.4 O48,152,0,0.0,spacegroup,0,0,,1,1x1x1,0.050000000000000044,0.02053333333333336,True,0.0005465723882880635,0.0045094976570766365,0.004504674959532919,True,,2,,89,Li21 La12 Sm1 Ta7 O48,none,False,,,OBELIX/ordered_cifs/419_ordered_02.cif
419,OBELIX/cifs/419.cif,ok,,Li42.4 La24 Sm1.2 Ta14.8 O96,Li21.264 La12 Sm0.6 Ta7.4 O48,Li21.264 La12 Sm0.6 Ta7.4 O48,152,0,0.0,spacegroup,0,0,,1,1x1x1,0.050000000000000044,0.02053333333333336,True,0.0005465723882880635,0.0045094976570766365,0.004504674959532919,True,,3,,89,Li21 La12 Sm1 Ta7 O48,none,False,,,OBELIX/ordered_cifs/419_ordered_03.cif
419,OBELIX/cifs/419.cif,ok,,Li42.4 La24 Sm1.2 Ta14.8 O96,Li21.264 La12 Sm0.6 Ta7.4 O48,Li21.264 La12 Sm0.6 Ta7.4 O48,152,0,0.0,spacegroup,0,0,,1,1x1x1,0.050000000000000044,0.02053333333333336,True,0.0005465723882880635,0.0045094976570766365,0.004504674959532919,True,,4,,89,Li21 La12 Sm1 Ta7 O48,none,False,,,OBELIX/ordered_cifs/419_ordered_04.cif
472,OBELIX/cifs/472.cif,ok,,Li28 Nd10 Si22 N38 O14 F4,Li28 Nd10 Si22 N38 O14 F4,Li28 Nd10 Si22 N38 O14 F4,116,0,0.0,spacegroup,0,0,,1,1x1x1,0.0,0.0,True,0.0,0.0,0.0,True,,0,,116,Li28 Nd10 Si22 N38 O14 F4,none,False,,,OBELIX/ordered_cifs/472_ordered.cif
472,OBELIX/cifs/472.cif,ok,,Li28 Nd10 Si22 N38 O14 F4,Li28 Nd10 Si22 N38 O14 F4,Li28 Nd10 Si22 N38 O14 F4,116,0,0.0,spacegroup,0,0,,1,1x1x1,0.0,0.0,True,0.0,0.0,0.0,True,,1,,116,Li28 Nd10 Si22 N38 O14 F4,none,False,,,OBELIX/ordered_cifs/472_ordered_01.cif
472,OBELIX/cifs/472.cif,ok,,Li28 Nd10 Si22 N38 O14 F4,Li28 Nd10 Si22 N38 O14 F4,Li28 Nd10 Si22 N38 O14 F4,116,0,0.0,spacegroup,0,0,,1,1x1x1,0.0,0.0,True,0.0,0.0,0.0,True,,2,,116,Li28 Nd10 Si22 N38 O14 F4,none,False,,,OBELIX/ordered_cifs/472_ordered_02.cif
472,OBELIX/cifs/472.cif,ok,,Li28 Nd10 Si22 N38 O14 F4,Li28 Nd10 Si22 N38 O14 F4,Li28 Nd10 Si22 N38 O14 F4,116,0,0.0,spacegroup,0,0,,1,1x1x1,0.0,0.0,True,0.0,0.0,0.0,True,,3,,116,Li28 Nd10 Si22 N38 O14 F4,none,False,,,OBELIX/ordered_cifs/472_ordered_03.cif
472,OBELIX/cifs/472.cif,ok,,Li28 Nd10 Si22 N38 O14 F4,Li28 Nd10 Si22 N38 O14 F4,Li28 Nd10 Si22 N38 O14 F4,116,0,0.0,spacegroup,0,0,,1,1x1x1,0.0,0.0,True,0.0,0.0,0.0,True,,4,,116,Li28 Nd10 Si22 N38 O14 F4,none,False,,,OBELIX/ordered_cifs/472_ordered_04.cif
47i,OBELIX/cifs/47i.cif,copied_ordered,,Li8 P4 O14,Li8 P4 O14,Li8 P4 O14,26,0,0.0,,0,0,,,,,,,0.0,0.0,0.0,True,,,,26,Li8 P4 O14,none,False,,,OBELIX/ordered_cifs/47i_ordered.cif
4ba,OBELIX/cifs/4ba.cif,copied_ordered,,Li6 Ge12 P18 O72,Li2 Ge4 P6 O24,Li2 Ge4 P6 O24,36,0,0.0,,0,0,,,,,,,0.0,0.0,0.0,True,,,,36,Li2 Ge4 P6 O24,none,False,,,OBELIX/ordered_cifs/4ba_ordered.cif
4ea,OBELIX/cifs/4ea.cif,ok,,Li6 Ti2.4 Sn9.6 P18 O72,Li2 Ti0.8 Sn3.2 P6 O24,Li2 Ti0.8 Sn3.2 P6 O24,36,0,0.0,spacegroup,0,0,,1,1x1x1,0.050000000000000044,0.016666666666666673,True,0.0,0.005555555555555564,0.005555555555555564,True,,0,,36,Li2 Ti1 Sn3 P6 O24,none,False,,,OBELIX/ordered_cifs/4ea_ordered.cif
4ie,OBELIX/cifs/4ie.cif,ok,,Li48.4 La24 Zr16 Ga2 O94.4 F1.6,Li23.64 La12 Zr8 Ga2.28 O47.184 F0.816,Li23.64 La12 Zr8 Ga2.28 O47.184 F0.816,128,0,0.0,spacegroup,0,0,,1,1x1x1,0.023333333333333345,0.0072083333333333305,True,0.013546365823164283,0.010546982010775271,0.002385008517887477,True,,0,,94,Li24 La12 Zr8 Ga2 O47 F1,none,False,,,OBELIX/ordered_cifs/4ie_ordered.cif
4ie,OBELIX/cifs/4ie.cif,ok,,Li48.4 La24 Zr16 Ga2 O94.4 F1.6,Li23.64 La12 Zr8 Ga2.28 O47.184 F0.816,Li23.64 La12 Zr8 Ga2.28 O47.184 F0.816,128,0,0.0,spacegroup,0,0,,1,1x1x1,0.023333333333333345,0.0072083333333333305,True,0.013546365823164283,0.010546982010775271,0.002385008517887477,True,,1,,94,Li24 La12 Zr8 Ga2 O47 F1,none,False,,,OBELIX/ordered_cifs/4ie_ordered_01.cif
4ie,OBELIX/cifs/4ie.cif,ok,,Li48.4 La24 Zr16 Ga2 O94.4 F1.6,Li23.64 La12 Zr8 Ga2.28 O47.184 F0.816,Li23.64 La12 Zr8 Ga2.28 O47.184 F0.816,128,0,0.0,spacegroup,0,0,,1,1x1x1,0.023333333333333345,0.0072083333333333305,True,0.013546365823164283,0.010546982010775271,0.002385008517887477,True,,2,,94,Li24 La12 Zr8 Ga2 O47 F1,none,False,,,OBELIX/ordered_cifs/4ie_ordered_02.cif
4ie,OBELIX/cifs/4ie.cif,ok,,Li48.4 La24 Zr16 Ga2 O94.4 F1.6,Li23.64 La12 Zr8 Ga2.28 O47.184 F0.816,Li23.64 La12 Zr8 Ga2.28 O47.184 F0.816,128,0,0.0,spacegroup,0,0,,1,1x1x1,0.023333333333333345,0.0072083333333333305,True,0.013546365823164283,0.010546982010775271,0.002385008517887477,True,,3,,94,Li24 La12 Zr8 Ga2 O47 F1,none,False,,,OBELIX/ordered_cifs/4ie_ordered_03.cif
4ie,OBELIX/cifs/4ie.cif,ok,,Li48.4 La24 Zr16 Ga2 O94.4 F1.6,Li23.64 La12 Zr8 Ga2.28 O47.184 F0.816,Li23.64 La12 Zr8 Ga2.28 O47.184 F0.816,128,0,0.0,spacegroup,0,0,,1,1x1x1,0.023333333333333345,0.0072083333333333305,True,0.013546365823164283,0.010546982010775271,0.002385008517887477,True,,4,,94,Li24 La12 Zr8 Ga2 O47 F1,none,False,,,OBELIX/ordered_cifs/4ie_ordered_04.cif
4kt,OBELIX/cifs/4kt.cif,copied_ordered,,Li8 Cr4 Cl16,Li4 Cr2 Cl8,Li4 Cr2 Cl8,14,0,0.0,,0,0,,,,,,,0.0,0.0,0.0,True,,,,14,Li4 Cr2 Cl8,none,False,,,OBELIX/ordered_cifs/4kt_ordered.cif
4p7,OBELIX/cifs/4p7.cif,copied_ordered,,Li3 Cl1 O1,Li3 Cl1 O1,Li3 Cl1 O1,5,0,0.0,,0,0,,,,,,,0.0,0.0,0.0,True,,,,5,Li3 Cl1 O1,none,False,,,OBELIX/ordered_cifs/4p7_ordered.cif
4xq,OBELIX/cifs/4xq.cif,approximation_warning,Occupancy error 0.060000 exceeds tolerance 0.050000,Na0.46 Li0.04 La0.5 Nb2 O6,Na0.46 Li0.04 La0.5 Nb2 O4,Na0.46 Li0.04 La0.5 Nb2 O4,7,0,0.0,spacegroup,0,0,,10,5x2x1,0.060000000000000005,0.02,False,0.09523809523809523,0.09523809523809523,0.008571428571428572,True,,0,,70,Na4 Li1 La5 Nb20 O40,none,False,,,OBELIX/ordered_cifs/4xq_ordered.cif
4xq,OBELIX/cifs/4xq.cif,approximation_warning,Occupancy error 0.060000 exceeds tolerance 0.050000,Na0.46 Li0.04 La0.5 Nb2 O6,Na0.46 Li0.04 La0.5 Nb2 O4,Na0.46 Li0.04 La0.5 Nb2 O4,7,0,0.0,spacegroup,0,0,,10,5x2x1,0.060000000000000005,0.02,False,0.09523809523809523,0.09523809523809523,0.008571428571428572,True,,1,,70,Na4 Li1 La5 Nb20 O40,none,False,,,OBELIX/ordered_cifs/4xq_ordered_01.cif
4xq,OBELIX/cifs/4xq.cif,approximation_warning,Occupancy error 0.060000 exceeds tolerance 0.050000,Na0.46 Li0.04 La0.5 Nb2 O6,Na0.46 Li0.04 La0.5 Nb2 O4,Na0.46 Li0.04 La0.5 Nb2 O4,7,0,0.0,spacegroup,0,0,,10,5x2x1,0.060000000000000005,0.02,False,0.09523809523809523,0.09523809523809523,0.008571428571428572,True,,2,,70,Na4 Li1 La5 Nb20 O40,none,False,,,OBELIX/ordered_cifs/4xq_ordered_02.cif
4xq,OBELIX/cifs/4xq.cif,approximation_warning,Occupancy error 0.060000 exceeds tolerance 0.050000,Na0.46 Li0.04 La0.5 Nb2 O6,Na0.46 Li0.04 La0.5 Nb2 O4,Na0.46 Li0.04 La0.5 Nb2 O4,7,0,0.0,spacegroup,0,0,,10,5x2x1,0.060000000000000005,0.02,False,0.09523809523809523,0.09523809523809523,0.008571428571428572,True,,3,,70,Na4 Li1 La5 Nb20 O40,none,False,,,OBELIX/ordered_cifs/4xq_ordered_03.cif
4xq,OBELIX/cifs/4xq.cif,approximation_warning,Occupancy error 0.060000 exceeds tolerance 0.050000,Na0.46 Li0.04 La0.5 Nb2 O6,Na0.46 Li0.04 La0.5 Nb2 O4,Na0.46 Li0.04 La0.5 Nb2 O4,7,0,0.0,spacegroup,0,0,,10,5x2x1,0.060000000000000005,0.02,False,0.09523809523809523,0.09523809523809523,0.008571428571428572,True,,4,,70,Na4 Li1 La5 Nb20 O40,none,False,,,OBELIX/ordered_cifs/4xq_ordered_04.cif
5bz,OBELIX/cifs/5bz.cif,copied_ordered,,Li12 B4 N8,Li12 B4 N8,Li12 B4 N8,24,0,0.0,,0,0,,,,,,,0.0,0.0,0.0,True,,,,24,Li12 B4 N8,none,False,,,OBELIX/ordered_cifs/5bz_ordered.cif
5tl,OBELIX/cifs/5tl.cif,approximation_warning,Reference elements absent from source CIF: Li,Li0.28 La1.24 Ti2 O6,La1.24 Ti2 O6,La1.24 Ti2 O6,10,0,0.0,spacegroup,0,0,,3,3x1x1,0.050000000000000044,0.023333333333333345,True,0.029411764705882356,0.029411764705882356,0.008658008658008642,True,Li,0,,28,La4 Ti6 O18,none,False,,,OBELIX/ordered_cifs/5tl_ordered.cif
5wz,OBELIX/cifs/5wz.cif,ok,,Li24 P4 S20 I4,Li6 P1 S5 I1,Li6 P1 S5 I1,25,0,0.0,spacegroup+split_site_clusters,0,6,Li,2,1x2x1,0.010000000000000009,0.0025000000000000022,True,5.551115123125783e-17,0.0,0.0,True,,0,,26,Li12 P2 S10 I2,none,False,,,OBELIX/ordered_cifs/5wz_ordered.cif
5wz,OBELIX/cifs/5wz.cif,ok,,Li24 P4 S20 I4,Li6 P1 S5 I1,Li6 P1 S5 I1,25,0,0.0,spacegroup+split_site_clusters,0,6,Li,2,1x2x1,0.010000000000000009,0.0025000000000000022,True,5.551115123125783e-17,0.0,0.0,True,,1,,26,Li12 P2 S10 I2,none,False,,,OBELIX/ordered_cifs/5wz_ordered_01.cif
5wz,OBELIX/cifs/5wz.cif,ok,,Li24 P4 S20 I4,Li6 P1 S5 I1,Li6 P1 S5 I1,25,0,0.0,spacegroup+split_site_clusters,0,6,Li,2,1x2x1,0.010000000000000009,0.0025000000000000022,True,5.551115123125783e-17,0.0,0.0,True,,2,,26,Li12 P2 S10 I2,none,False,,,OBELIX/ordered_cifs/5wz_ordered_02.cif
5wz,OBELIX/cifs/5wz.cif,ok,,Li24 P4 S20 I4,Li6 P1 S5 I1,Li6 P1 S5 I1,25,0,0.0,spacegroup+split_site_clusters,0,6,Li,2,1x2x1,0.010000000000000009,0.0025000000000000022,True,5.551115123125783e-17,0.0,0.0,True,,3,,26,Li12 P2 S10 I2,none,False,,,OBELIX/ordered_cifs/5wz_ordered_03.cif
5wz,OBELIX/cifs/5wz.cif,ok,,Li24 P4 S20 I4,Li6 P1 S5 I1,Li6 P1 S5 I1,25,0,0.0,spacegroup+split_site_clusters,0,6,Li,2,1x2x1,0.010000000000000009,0.0025000000000000022,True,5.551115123125783e-17,0.0,0.0,True,,4,,26,Li12 P2 S10 I2,none,False,,,OBELIX/ordered_cifs/5wz_ordered_04.cif
5z0,OBELIX/cifs/5z0.cif,copied_ordered,,Li40 Al8 O32,Li40 Al8 O32,Li40 Al8 O32,80,0,0.0,,0,0,,,,,,,0.0,0.0,0.0,True,,,,80,Li40 Al8 O32,none,False,,,OBELIX/ordered_cifs/5z0_ordered.cif
5zv,OBELIX/cifs/5zv.cif,copied_ordered,,Li16 Zn4 P8 O32,Li16 Zn4 P8 O32,Li16 Zn4 P8 O32,60,0,0.0,,0,0,,,,,,,0.0,0.0,0.0,True,,,,60,Li16 Zn4 P8 O32,none,False,,,OBELIX/ordered_cifs/5zv_ordered.cif
68u,OBELIX/cifs/68u.cif,ok,,Li40 La24 Nb16 O96,Li20.004 La12 Nb8 O48,Li20.004 La12 Nb8 O48,92,0,0.0,spacegroup,0,0,,1,1x1x1,0.00033333333333340764,6.060606060606907e-05,True,3.5122370470846986e-05,0.0,0.0,True,,0,,88,Li20 La12 Nb8 O48,none,False,,,OBELIX/ordered_cifs/68u_ordered.cif
68u,OBELIX/cifs/68u.cif,ok,,Li40 La24 Nb16 O96,Li20.004 La12 Nb8 O48,Li20.004 La12 Nb8 O48,92,0,0.0,spacegroup,0,0,,1,1x1x1,0.00033333333333340764,6.060606060606907e-05,True,3.5122370470846986e-05,0.0,0.0,True,,1,,88,Li20 La12 Nb8 O48,none,False,,,OBELIX/ordered_cifs/68u_ordered_01.cif
68u,OBELIX/cifs/68u.cif,ok,,Li40 La24 Nb16 O96,Li20.004 La12 Nb8 O48,Li20.004 La12 Nb8 O48,92,0,0.0,spacegroup,0,0,,1,1x1x1,0.00033333333333340764,6.060606060606907e-05,True,3.5122370470846986e-05,0.0,0.0,True,,2,,88,Li20 La12 Nb8 O48,none,False,,,OBELIX/ordered_cifs/68u_ordered_02.cif
68u,OBELIX/cifs/68u.cif,ok,,Li40 La24 Nb16 O96,Li20.004 La12 Nb8 O48,Li20.004 La12 Nb8 O48,92,0,0.0,spacegroup,0,0,,1,1x1x1,0.00033333333333340764,6.060606060606907e-05,True,3.5122370470846986e-05,0.0,0.0,True,,3,,88,Li20 La12 Nb8 O48,none,False,,,OBELIX/ordered_cifs/68u_ordered_03.cif
68u,OBELIX/cifs/68u.cif,ok,,Li40 La24 Nb16 O96,Li20.004 La12 Nb8 O48,Li20.004 La12 Nb8 O48,92,0,0.0,spacegroup,0,0,,1,1x1x1,0.00033333333333340764,6.060606060606907e-05,True,3.5122370470846986e-05,0.0,0.0,True,,4,,88,Li20 La12 Nb8 O48,none,False,,,OBELIX/ordered_cifs/68u_ordered_04.cif
6du,OBELIX/cifs/6du.cif,ok,,Li10.14 Mg0.8 Ti13.07 O32,Li2.5352967 Mg0.19996803 Ti3.26473526 O8,Li2.54096274 Mg0.168 Ti3.29103726 O8,14,4,0.031968031968031975,spacegroup,0,0,,4,1x2x2,0.041000000000000036,0.02050372608257804,True,0.00015581123546534736,0.0035739791363787066,0.0035737120022834284,True,,0,,56,Li10 Mg1 Ti13 O32,none,False,,,OBELIX/ordered_cifs/6du_ordered.cif
6du,OBELIX/cifs/6du.cif,ok,,Li10.14 Mg0.8 Ti13.07 O32,Li2.5352967 Mg0.19996803 Ti3.26473526 O8,Li2.54096274 Mg0.168 Ti3.29103726 O8,14,4,0.031968031968031975,spacegroup,0,0,,4,1x2x2,0.041000000000000036,0.02050372608257804,True,0.00015581123546534736,0.0035739791363787066,0.0035737120022834284,True,,1,,56,Li10 Mg1 Ti13 O32,none,False,,,OBELIX/ordered_cifs/6du_ordered_01.cif
6du,OBELIX/cifs/6du.cif,ok,,Li10.14 Mg0.8 Ti13.07 O32,Li2.5352967 Mg0.19996803 Ti3.26473526 O8,Li2.54096274 Mg0.168 Ti3.29103726 O8,14,4,0.031968031968031975,spacegroup,0,0,,4,1x2x2,0.041000000000000036,0.02050372608257804,True,0.00015581123546534736,0.0035739791363787066,0.0035737120022834284,True,,2,,56,Li10 Mg1 Ti13 O32,none,False,,,OBELIX/ordered_cifs/6du_ordered_02.cif
6du,OBELIX/cifs/6du.cif,ok,,Li10.14 Mg0.8 Ti13.07 O32,Li2.5352967 Mg0.19996803 Ti3.26473526 O8,Li2.54096274 Mg0.168 Ti3.29103726 O8,14,4,0.031968031968031975,spacegroup,0,0,,4,1x2x2,0.041000000000000036,0.02050372608257804,True,0.00015581123546534736,0.0035739791363787066,0.0035737120022834284,True,,3,,56,Li10 Mg1 Ti13 O32,none,False,,,OBELIX/ordered_cifs/6du_ordered_03.cif
6du,OBELIX/cifs/6du.cif,ok,,Li10.14 Mg0.8 Ti13.07 O32,Li2.5352967 Mg0.19996803 Ti3.26473526 O8,Li2.54096274 Mg0.168 Ti3.29103726 O8,14,4,0.031968031968031975,spacegroup,0,0,,4,1x2x2,0.041000000000000036,0.02050372608257804,True,0.00015581123546534736,0.0035739791363787066,0.0035737120022834284,True,,4,,56,Li10 Mg1 Ti13 O32,none,False,,,OBELIX/ordered_cifs/6du_ordered_04.cif
6jf,OBELIX/cifs/6jf.cif,ok,,Li24 P4 S20 Br4,Li6.006 P1 S5 Br1,Li6.006 P1 S5 Br1,25,0,0.0,spacegroup+split_site_clusters,0,6,Li,6,1x3x2,0.026666666666666644,0.014749999999999978,True,0.0002484060611078198,0.0,0.0,True,,0,,78,Li36 P6 S30 Br6,none,False,,,OBELIX/ordered_cifs/6jf_ordered.cif
6jf,OBELIX/cifs/6jf.cif,ok,,Li24 P4 S20 Br4,Li6.006 P1 S5 Br1,Li6.006 P1 S5 Br1,25,0,0.0,spacegroup+split_site_clusters,0,6,Li,6,1x3x2,0.026666666666666644,0.014749999999999978,True,0.0002484060611078198,0.0,0.0,True,,1,,78,Li36 P6 S30 Br6,none,False,,,OBELIX/ordered_cifs/6jf_ordered_01.cif
6jf,OBELIX/cifs/6jf.cif,ok,,Li24 P4 S20 Br4,Li6.006 P1 S5 Br1,Li6.006 P1 S5 Br1,25,0,0.0,spacegroup+split_site_clusters,0,6,Li,6,1x3x2,0.026666666666666644,0.014749999999999978,True,0.0002484060611078198,0.0,0.0,True,,2,,78,Li36 P6 S30 Br6,none,False,,,OBELIX/ordered_cifs/6jf_ordered_02.cif
6jf,OBELIX/cifs/6jf.cif,ok,,Li24 P4 S20 Br4,Li6.006 P1 S5 Br1,Li6.006 P1 S5 Br1,25,0,0.0,spacegroup+split_site_clusters,0,6,Li,6,1x3x2,0.026666666666666644,0.014749999999999978,True,0.0002484060611078198,0.0,0.0,True,,3,,78,Li36 P6 S30 Br6,none,False,,,OBELIX/ordered_cifs/6jf_ordered_03.cif
6jf,OBELIX/cifs/6jf.cif,ok,,Li24 P4 S20 Br4,Li6.006 P1 S5 Br1,Li6.006 P1 S5 Br1,25,0,0.0,spacegroup+split_site_clusters,0,6,Li,6,1x3x2,0.026666666666666644,0.014749999999999978,True,0.0002484060611078198,0.0,0.0,True,,4,,78,Li36 P6 S30 Br6,none,False,,,OBELIX/ordered_cifs/6jf_ordered_04.cif
6l9,OBELIX/cifs/6l9.cif,ok,,Li32 B56 Cl8 O96,Li8.15 B14 Cl2 O24,Li8.15 B14 Cl2 O24,54,0,0.0,spacegroup,0,0,,2,1x2x1,0.020333333333333425,0.005958333333333359,True,0.0025960539979231756,0.0,0.0,True,,0,,96,Li16 B28 Cl4 O48,none,False,,,OBELIX/ordered_cifs/6l9_ordered.cif
6l9,OBELIX/cifs/6l9.cif,ok,,Li32 B56 Cl8 O96,Li8.15 B14 Cl2 O24,Li8.15 B14 Cl2 O24,54,0,0.0,spacegroup,0,0,,2,1x2x1,0.020333333333333425,0.005958333333333359,True,0.0025960539979231756,0.0,0.0,True,,1,,96,Li16 B28 Cl4 O48,none,False,,,OBELIX/ordered_cifs/6l9_ordered_01.cif
6l9,OBELIX/cifs/6l9.cif,ok,,Li32 B56 Cl8 O96,Li8.15 B14 Cl2 O24,Li8.15 B14 Cl2 O24,54,0,0.0,spacegroup,0,0,,2,1x2x1,0.020333333333333425,0.005958333333333359,True,0.0025960539979231756,0.0,0.0,True,,2,,96,Li16 B28 Cl4 O48,none,False,,,OBELIX/ordered_cifs/6l9_ordered_02.cif
6l9,OBELIX/cifs/6l9.cif,ok,,Li32 B56 Cl8 O96,Li8.15 B14 Cl2 O24,Li8.15 B14 Cl2 O24,54,0,0.0,spacegroup,0,0,,2,1x2x1,0.020333333333333425,0.005958333333333359,True,0.0025960539979231756,0.0,0.0,True,,3,,96,Li16 B28 Cl4 O48,none,False,,,OBELIX/ordered_cifs/6l9_ordered_03.cif
6l9,OBELIX/cifs/6l9.cif,ok,,Li32 B56 Cl8 O96,Li8.15 B14 Cl2 O24,Li8.15 B14 Cl2 O24,54,0,0.0,spacegroup,0,0,,2,1x2x1,0.020333333333333425,0.005958333333333359,True,0.0025960539979231756,0.0,0.0,True,,4,,96,Li16 B28 Cl4 O48,none,False,,,OBELIX/ordered_cifs/6l9_ordered_04.cif
72f,OBELIX/cifs/72f.cif,ok,,Li50.08 La24 Zr16 Al1.92 O96,Li25.032 La12 Zr8 Al0.96 O48,Li25.032 La12 Zr8 Al0.96 O48,128,0,0.0,spacegroup,0,0,,1,1x1x1,0.023333333333333317,0.007124999999999989,True,6.244080528339246e-05,0.00042553191489363984,0.00042466266934442984,True,,0,,94,Li25 La12 Zr8 Al1 O48,none,False,,,OBELIX/ordered_cifs/72f_ordered.cif
72f,OBELIX/cifs/72f.cif,ok,,Li50.08 La24 Zr16 Al1.92 O96,Li25.032 La12 Zr8 Al0.96 O48,Li25.032 La12 Zr8 Al0.96 O48,128,0,0.0,spacegroup,0,0,,1,1x1x1,0.023333333333333317,0.007124999999999989,True,6.244080528339246e-05,0.00042553191489363984,0.00042466266934442984,True,,1,,94,Li25 La12 Zr8 Al1 O48,none,False,,,OBELIX/ordered_cifs/72f_ordered_01.cif
72f,OBELIX/cifs/72f.cif,ok,,Li50.08 La24 Zr16 Al1.92 O96,Li25.032 La12 Zr8 Al0.96 O48,Li25.032 La12 Zr8 Al0.96 O48,128,0,0.0,spacegroup,0,0,,1,1x1x1,0.023333333333333317,0.007124999999999989,True,6.244080528339246e-05,0.00042553191489363984,0.00042466266934442984,True,,2,,94,Li25 La12 Zr8 Al1 O48,none,False,,,OBELIX/ordered_cifs/72f_ordered_02.cif
72f,OBELIX/cifs/72f.cif,ok,,Li50.08 La24 Zr16 Al1.92 O96,Li25.032 La12 Zr8 Al0.96 O48,Li25.032 La12 Zr8 Al0.96 O48,128,0,0.0,spacegroup,0,0,,1,1x1x1,0.023333333333333317,0.007124999999999989,True,6.244080528339246e-05,0.00042553191489363984,0.00042466266934442984,True,,3,,94,Li25 La12 Zr8 Al1 O48,none,False,,,OBELIX/ordered_cifs/72f_ordered_03.cif
72f,OBELIX/cifs/72f.cif,ok,,Li50.08 La24 Zr16 Al1.92 O96,Li25.032 La12 Zr8 Al0.96 O48,Li25.032 La12 Zr8 Al0.96 O48,128,0,0.0,spacegroup,0,0,,1,1x1x1,0.023333333333333317,0.007124999999999989,True,6.244080528339246e-05,0.00042553191489363984,0.00042466266934442984,True,,4,,94,Li25 La12 Zr8 Al1 O48,none,False,,,OBELIX/ordered_cifs/72f_ordered_04.cif
7cr,OBELIX/cifs/7cr.cif,copied_ordered,,Na2 Li4 B2 P4 O16,Na2 Li4 B2 P4 O16,Na2 Li4 B2 P4 O16,28,0,0.0,,0,0,,,,,,,0.0,0.0,0.0,True,,,,28,Na2 Li4 B2 P4 O16,none,False,,,OBELIX/ordered_cifs/7cr_ordered.cif
7e5,OBELIX/cifs/7e5.cif,ok,,Li0.2 La2.6 Mg2 W2 O12,Li0.2 La2.6 Mg2 W2 O12,Li0.2 La2.6 Mg2 W2 O12,20,0,0.0,spacegroup,0,0,,5,5x1x1,0.03500000000000003,0.014000000000000012,True,0.0,1.1102230246251565e-16,1.1102230246251565e-16,True,,0,,94,Li1 La13 Mg10 W10 O60,none,False,,,OBELIX/ordered_cifs/7e5_ordered.cif
7e5,OBELIX/cifs/7e5.cif,ok,,Li0.2 La2.6 Mg2 W2 O12,Li0.2 La2.6 Mg2 W2 O12,Li0.2 La2.6 Mg2 W2 O12,20,0,0.0,spacegroup,0,0,,5,5x1x1,0.03500000000000003,0.014000000000000012,True,0.0,1.1102230246251565e-16,1.1102230246251565e-16,True,,1,,94,Li1 La13 Mg10 W10 O60,none,False,,,OBELIX/ordered_cifs/7e5_ordered_01.cif
7e5,OBELIX/cifs/7e5.cif,ok,,Li0.2 La2.6 Mg2 W2 O12,Li0.2 La2.6 Mg2 W2 O12,Li0.2 La2.6 Mg2 W2 O12,20,0,0.0,spacegroup,0,0,,5,5x1x1,0.03500000000000003,0.014000000000000012,True,0.0,1.1102230246251565e-16,1.1102230246251565e-16,True,,2,,94,Li1 La13 Mg10 W10 O60,none,False,,,OBELIX/ordered_cifs/7e5_ordered_02.cif
7e5,OBELIX/cifs/7e5.cif,ok,,Li0.2 La2.6 Mg2 W2 O12,Li0.2 La2.6 Mg2 W2 O12,Li0.2 La2.6 Mg2 W2 O12,20,0,0.0,spacegroup,0,0,,5,5x1x1,0.03500000000000003,0.014000000000000012,True,0.0,1.1102230246251565e-16,1.1102230246251565e-16,True,,3,,94,Li1 La13 Mg10 W10 O60,none,False,,,OBELIX/ordered_cifs/7e5_ordered_03.cif
7e5,OBELIX/cifs/7e5.cif,ok,,Li0.2 La2.6 Mg2 W2 O12,Li0.2 La2.6 Mg2 W2 O12,Li0.2 La2.6 Mg2 W2 O12,20,0,0.0,spacegroup,0,0,,5,5x1x1,0.03500000000000003,0.014000000000000012,True,0.0,1.1102230246251565e-16,1.1102230246251565e-16,True,,4,,94,Li1 La13 Mg10 W10 O60,none,False,,,OBELIX/ordered_cifs/7e5_ordered_04.cif
7ek,OBELIX/cifs/7ek.cif,ok,,Li14.8 Ge3.4 W0.6 O16,Li14.8 Ge3.4 W0.6 O16,Li14.8 Ge3.4 W0.6 O16,56,0,0.0,spacegroup+split_site_pairs,4,0,Li,2,2x1x1,0.03500000000000003,0.01238095238095239,True,5.551115123125783e-17,0.004997501249375369,0.0049975012493753135,True,,0,,69,Li29 Ge7 W1 O32,none,False,,,OBELIX/ordered_cifs/7ek_ordered.cif
7ek,OBELIX/cifs/7ek.cif,ok,,Li14.8 Ge3.4 W0.6 O16,Li14.8 Ge3.4 W0.6 O16,Li14.8 Ge3.4 W0.6 O16,56,0,0.0,spacegroup+split_site_pairs,4,0,Li,2,2x1x1,0.03500000000000003,0.01238095238095239,True,5.551115123125783e-17,0.004997501249375369,0.0049975012493753135,True,,1,,69,Li29 Ge7 W1 O32,none,False,,,OBELIX/ordered_cifs/7ek_ordered_01.cif
7ek,OBELIX/cifs/7ek.cif,ok,,Li14.8 Ge3.4 W0.6 O16,Li14.8 Ge3.4 W0.6 O16,Li14.8 Ge3.4 W0.6 O16,56,0,0.0,spacegroup+split_site_pairs,4,0,Li,2,2x1x1,0.03500000000000003,0.01238095238095239,True,5.551115123125783e-17,0.004997501249375369,0.0049975012493753135,True,,2,,69,Li29 Ge7 W1 O32,none,False,,,OBELIX/ordered_cifs/7ek_ordered_02.cif
7ek,OBELIX/cifs/7ek.cif,ok,,Li14.8 Ge3.4 W0.6 O16,Li14.8 Ge3.4 W0.6 O16,Li14.8 Ge3.4 W0.6 O16,56,0,0.0,spacegroup+split_site_pairs,4,0,Li,2,2x1x1,0.03500000000000003,0.01238095238095239,True,5.551115123125783e-17,0.004997501249375369,0.0049975012493753135,True,,3,,69,Li29 Ge7 W1 O32,none,False,,,OBELIX/ordered_cifs/7ek_ordered_03.cif
7ek,OBELIX/cifs/7ek.cif,ok,,Li14.8 Ge3.4 W0.6 O16,Li14.8 Ge3.4 W0.6 O16,Li14.8 Ge3.4 W0.6 O16,56,0,0.0,spacegroup+split_site_pairs,4,0,Li,2,2x1x1,0.03500000000000003,0.01238095238095239,True,5.551115123125783e-17,0.004997501249375369,0.0049975012493753135,True,,4,,69,Li29 Ge7 W1 O32,none,False,,,OBELIX/ordered_cifs/7ek_ordered_04.cif
7o7,OBELIX/cifs/7o7.cif,ok,,Ba8 Li48 La16 Ta16 O96,Ba3.9996 Li24.0 La8.0004 Ta8 O48,Ba3.9996 Li24.0 La8.0004 Ta8 O48,104,0,0.0,spacegroup,0,0,,1,1x1x1,0.006666666666666654,0.0025083333333333346,True,4.3478260869506125e-06,0.0,0.0,True,,0,,92,Ba4 Li24 La8 Ta8 O48,none,False,,,OBELIX/ordered_cifs/7o7_ordered.cif
7o7,OBELIX/cifs/7o7.cif,ok,,Ba8 Li48 La16 Ta16 O96,Ba3.9996 Li24.0 La8.0004 Ta8 O48,Ba3.9996 Li24.0 La8.0004 Ta8 O48,104,0,0.0,spacegroup,0,0,,1,1x1x1,0.006666666666666654,0.0025083333333333346,True,4.3478260869506125e-06,0.0,0.0,True,,1,,92,Ba4 Li24 La8 Ta8 O48,none,False,,,OBELIX/ordered_cifs/7o7_ordered_01.cif
7o7,OBELIX/cifs/7o7.cif,ok,,Ba8 Li48 La16 Ta16 O96,Ba3.9996 Li24.0 La8.0004 Ta8 O48,Ba3.9996 Li24.0 La8.0004 Ta8 O48,104,0,0.0,spacegroup,0,0,,1,1x1x1,0.006666666666666654,0.0025083333333333346,True,4.3478260869506125e-06,0.0,0.0,True,,2,,92,Ba4 Li24 La8 Ta8 O48,none,False,,,OBELIX/ordered_cifs/7o7_ordered_02.cif
7o7,OBELIX/cifs/7o7.cif,ok,,Ba8 Li48 La16 Ta16 O96,Ba3.9996 Li24.0 La8.0004 Ta8 O48,Ba3.9996 Li24.0 La8.0004 Ta8 O48,104,0,0.0,spacegroup,0,0,,1,1x1x1,0.006666666666666654,0.0025083333333333346,True,4.3478260869506125e-06,0.0,0.0,True,,3,,92,Ba4 Li24 La8 Ta8 O48,none,False,,,OBELIX/ordered_cifs/7o7_ordered_03.cif
7o7,OBELIX/cifs/7o7.cif,ok,,Ba8 Li48 La16 Ta16 O96,Ba3.9996 Li24.0 La8.0004 Ta8 O48,Ba3.9996 Li24.0 La8.0004 Ta8 O48,104,0,0.0,spacegroup,0,0,,1,1x1x1,0.006666666666666654,0.0025083333333333346,True,4.3478260869506125e-06,0.0,0.0,True,,4,,92,Ba4 Li24 La8 Ta8 O48,none,False,,,OBELIX/ordered_cifs/7o7_ordered_04.cif
7tu,OBELIX/cifs/7tu.cif,ok,,Li20.4 Si1.92 Sn0.48 P3.6 S24,Li20.4 Si2 Sn0.5 P3.5 S24,Li20.4 Si2 Sn0.5 P3.5 S24,62,0,0.0,spacegroup,0,0,,2,1x2x1,0.030000000000000027,0.007142857142857145,True,0.001984126984127005,0.0021216407355021255,0.0011786892975012009,True,,0,,101,Li41 Si4 Sn1 P7 S48,none,False,,,OBELIX/ordered_cifs/7tu_ordered.cif
7tu,OBELIX/cifs/7tu.cif,ok,,Li20.4 Si1.92 Sn0.48 P3.6 S24,Li20.4 Si2 Sn0.5 P3.5 S24,Li20.4 Si2 Sn0.5 P3.5 S24,62,0,0.0,spacegroup,0,0,,2,1x2x1,0.030000000000000027,0.007142857142857145,True,0.001984126984127005,0.0021216407355021255,0.0011786892975012009,True,,1,,101,Li41 Si4 Sn1 P7 S48,none,False,,,OBELIX/ordered_cifs/7tu_ordered_01.cif
7tu,OBELIX/cifs/7tu.cif,ok,,Li20.4 Si1.92 Sn0.48 P3.6 S24,Li20.4 Si2 Sn0.5 P3.5 S24,Li20.4 Si2 Sn0.5 P3.5 S24,62,0,0.0,spacegroup,0,0,,2,1x2x1,0.030000000000000027,0.007142857142857145,True,0.001984126984127005,0.0021216407355021255,0.0011786892975012009,True,,2,,101,Li41 Si4 Sn1 P7 S48,none,False,,,OBELIX/ordered_cifs/7tu_ordered_02.cif
7tu,OBELIX/cifs/7tu.cif,ok,,Li20.4 Si1.92 Sn0.48 P3.6 S24,Li20.4 Si2 Sn0.5 P3.5 S24,Li20.4 Si2 Sn0.5 P3.5 S24,62,0,0.0,spacegroup,0,0,,2,1x2x1,0.030000000000000027,0.007142857142857145,True,0.001984126984127005,0.0021216407355021255,0.0011786892975012009,True,,3,,101,Li41 Si4 Sn1 P7 S48,none,False,,,OBELIX/ordered_cifs/7tu_ordered_03.cif
7tu,OBELIX/cifs/7tu.cif,ok,,Li20.4 Si1.92 Sn0.48 P3.6 S24,Li20.4 Si2 Sn0.5 P3.5 S24,Li20.4 Si2 Sn0.5 P3.5 S24,62,0,0.0,spacegroup,0,0,,2,1x2x1,0.030000000000000027,0.007142857142857145,True,0.001984126984127005,0.0021216407355021255,0.0011786892975012009,True,,4,,101,Li41 Si4 Sn1 P7 S48,none,False,,,OBELIX/ordered_cifs/7tu_ordered_04.cif
7w5,OBELIX/cifs/7w5.cif,ok,,Li54 La24 Zr14 Ta2 O96,Li27 La12 Zr7 Ta1 O48,Li27 La12 Zr7 Ta1 O48,128,0,0.0,spacegroup,0,0,,1,1x1x1,0.016666666666666663,0.005208333333333329,True,2.220446049250313e-16,0.0,0.0,True,,0,,95,Li27 La12 Zr7 Ta1 O48,none,False,,,OBELIX/ordered_cifs/7w5_ordered.cif
7w5,OBELIX/cifs/7w5.cif,ok,,Li54 La24 Zr14 Ta2 O96,Li27 La12 Zr7 Ta1 O48,Li27 La12 Zr7 Ta1 O48,128,0,0.0,spacegroup,0,0,,1,1x1x1,0.016666666666666663,0.005208333333333329,True,2.220446049250313e-16,0.0,0.0,True,,1,,95,Li27 La12 Zr7 Ta1 O48,none,False,,,OBELIX/ordered_cifs/7w5_ordered_01.cif
7w5,OBELIX/cifs/7w5.cif,ok,,Li54 La24 Zr14 Ta2 O96,Li27 La12 Zr7 Ta1 O48,Li27 La12 Zr7 Ta1 O48,128,0,0.0,spacegroup,0,0,,1,1x1x1,0.016666666666666663,0.005208333333333329,True,2.220446049250313e-16,0.0,0.0,True,,2,,95,Li27 La12 Zr7 Ta1 O48,none,False,,,OBELIX/ordered_cifs/7w5_ordered_02.cif
7w5,OBELIX/cifs/7w5.cif,ok,,Li54 La24 Zr14 Ta2 O96,Li27 La12 Zr7 Ta1 O48,Li27 La12 Zr7 Ta1 O48,128,0,0.0,spacegroup,0,0,,1,1x1x1,0.016666666666666663,0.005208333333333329,True,2.220446049250313e-16,0.0,0.0,True,,3,,95,Li27 La12 Zr7 Ta1 O48,none,False,,,OBELIX/ordered_cifs/7w5_ordered_03.cif
7w5,OBELIX/cifs/7w5.cif,ok,,Li54 La24 Zr14 Ta2 O96,Li27 La12 Zr7 Ta1 O48,Li27 La12 Zr7 Ta1 O48,128,0,0.0,spacegroup,0,0,,1,1x1x1,0.016666666666666663,0.005208333333333329,True,2.220446049250313e-16,0.0,0.0,True,,4,,95,Li27 La12 Zr7 Ta1 O48,none,False,,,OBELIX/ordered_cifs/7w5_ordered_04.cif
824,OBELIX/cifs/824.cif,ok,,Li20.7 Ge2.7 P3.3 S24,Li20.74 Ge2.7 P3.3 S24,Li20.74 Ge2.7 P3.3 S24,62,0,0.0,spacegroup,0,0,,2,1x2x1,0.050000000000000044,0.013130769230769232,True,0.0004664690392837123,0.0042181732966196095,0.004166861702298394,True,,0,,101,Li41 Ge5 P7 S48,none,False,,,OBELIX/ordered_cifs/824_ordered.cif
824,OBELIX/cifs/824.cif,ok,,Li20.7 Ge2.7 P3.3 S24,Li20.74 Ge2.7 P3.3 S24,Li20.74 Ge2.7 P3.3 S24,62,0,0.0,spacegroup,0,0,,2,1x2x1,0.050000000000000044,0.013130769230769232,True,0.0004664690392837123,0.0042181732966196095,0.004166861702298394,True,,1,,101,Li41 Ge5 P7 S48,none,False,,,OBELIX/ordered_cifs/824_ordered_01.cif
824,OBELIX/cifs/824.cif,ok,,Li20.7 Ge2.7 P3.3 S24,Li20.74 Ge2.7 P3.3 S24,Li20.74 Ge2.7 P3.3 S24,62,0,0.0,spacegroup,0,0,,2,1x2x1,0.050000000000000044,0.013130769230769232,True,0.0004664690392837123,0.0042181732966196095,0.004166861702298394,True,,2,,101,Li41 Ge5 P7 S48,none,False,,,OBELIX/ordered_cifs/824_ordered_02.cif
824,OBELIX/cifs/824.cif,ok,,Li20.7 Ge2.7 P3.3 S24,Li20.74 Ge2.7 P3.3 S24,Li20.74 Ge2.7 P3.3 S24,62,0,0.0,spacegroup,0,0,,2,1x2x1,0.050000000000000044,0.013130769230769232,True,0.0004664690392837123,0.0042181732966196095,0.004166861702298394,True,,3,,101,Li41 Ge5 P7 S48,none,False,,,OBELIX/ordered_cifs/824_ordered_03.cif
824,OBELIX/cifs/824.cif,ok,,Li20.7 Ge2.7 P3.3 S24,Li20.74 Ge2.7 P3.3 S24,Li20.74 Ge2.7 P3.3 S24,62,0,0.0,spacegroup,0,0,,2,1x2x1,0.050000000000000044,0.013130769230769232,True,0.0004664690392837123,0.0042181732966196095,0.004166861702298394,True,,4,,101,Li41 Ge5 P7 S48,none,False,,,OBELIX/ordered_cifs/824_ordered_04.cif
883,OBELIX/cifs/883.cif,copied_ordered,,Li4 Al4 H16,Li4 Al4 H16,Li4 Al4 H16,24,0,0.0,,0,0,,,,,,,0.0,0.0,0.0,True,,,,24,Li4 Al4 H16,none,False,,,OBELIX/ordered_cifs/883_ordered.cif
8fn,OBELIX/cifs/8fn.cif,ok,,Li10.8 Al4.8 Ge7.2 P18 O72,Li2.892 Al0.884 Ge3.116 P6 O24,Li2.892 Al0.884 Ge3.116 P6 O24,48,0,0.0,spacegroup,0,0,,1,1x1x1,0.050000000000000044,0.0177037037037037,True,0.020632968919052974,0.017251293847038524,0.0,True,,0,,37,Li3 Al1 Ge3 P6 O24,none,False,,,OBELIX/ordered_cifs/8fn_ordered.cif
8fn,OBELIX/cifs/8fn.cif,ok,,Li10.8 Al4.8 Ge7.2 P18 O72,Li2.892 Al0.884 Ge3.116 P6 O24,Li2.892 Al0.884 Ge3.116 P6 O24,48,0,0.0,spacegroup,0,0,,1,1x1x1,0.050000000000000044,0.0177037037037037,True,0.020632968919052974,0.017251293847038524,0.0,True,,1,,37,Li3 Al1 Ge3 P6 O24,none,False,,,OBELIX/ordered_cifs/8fn_ordered_01.cif
8fn,OBELIX/cifs/8fn.cif,ok,,Li10.8 Al4.8 Ge7.2 P18 O72,Li2.892 Al0.884 Ge3.116 P6 O24,Li2.892 Al0.884 Ge3.116 P6 O24,48,0,0.0,spacegroup,0,0,,1,1x1x1,0.050000000000000044,0.0177037037037037,True,0.020632968919052974,0.017251293847038524,0.0,True,,2,,37,Li3 Al1 Ge3 P6 O24,none,False,,,OBELIX/ordered_cifs/8fn_ordered_02.cif
8fn,OBELIX/cifs/8fn.cif,ok,,Li10.8 Al4.8 Ge7.2 P18 O72,Li2.892 Al0.884 Ge3.116 P6 O24,Li2.892 Al0.884 Ge3.116 P6 O24,48,0,0.0,spacegroup,0,0,,1,1x1x1,0.050000000000000044,0.0177037037037037,True,0.020632968919052974,0.017251293847038524,0.0,True,,3,,37,Li3 Al1 Ge3 P6 O24,none,False,,,OBELIX/ordered_cifs/8fn_ordered_03.cif
8fn,OBELIX/cifs/8fn.cif,ok,,Li10.8 Al4.8 Ge7.2 P18 O72,Li2.892 Al0.884 Ge3.116 P6 O24,Li2.892 Al0.884 Ge3.116 P6 O24,48,0,0.0,spacegroup,0,0,,1,1x1x1,0.050000000000000044,0.0177037037037037,True,0.020632968919052974,0.017251293847038524,0.0,True,,4,,37,Li3 Al1 Ge3 P6 O24,none,False,,,OBELIX/ordered_cifs/8fn_ordered_04.cif
8ub,OBELIX/cifs/8ub.cif,ok,,Li21 Si2.4 Sn0.6 P3 S24,Li20.84 Si2.4 Sn0.6 P3 S24,Li20.84 Si2.4 Sn0.6 P3 S24,62,0,0.0,spacegroup,0,0,,2,1x2x1,0.04500000000000004,0.011428571428571437,True,0.0018512519091034574,0.0058241118229469535,0.003972859913843496,True,,0,,101,Li41 Si5 Sn1 P6 S48,none,False,,,OBELIX/ordered_cifs/8ub_ordered.cif
8ub,OBELIX/cifs/8ub.cif,ok,,Li21 Si2.4 Sn0.6 P3 S24,Li20.84 Si2.4 Sn0.6 P3 S24,Li20.84 Si2.4 Sn0.6 P3 S24,62,0,0.0,spacegroup,0,0,,2,1x2x1,0.04500000000000004,0.011428571428571437,True,0.0018512519091034574,0.0058241118229469535,0.003972859913843496,True,,1,,101,Li41 Si5 Sn1 P6 S48,none,False,,,OBELIX/ordered_cifs/8ub_ordered_01.cif
8ub,OBELIX/cifs/8ub.cif,ok,,Li21 Si2.4 Sn0.6 P3 S24,Li20.84 Si2.4 Sn0.6 P3 S24,Li20.84 Si2.4 Sn0.6 P3 S24,62,0,0.0,spacegroup,0,0,,2,1x2x1,0.04500000000000004,0.011428571428571437,True,0.0018512519091034574,0.0058241118229469535,0.003972859913843496,True,,2,,101,Li41 Si5 Sn1 P6 S48,none,False,,,OBELIX/ordered_cifs/8ub_ordered_02.cif
8ub,OBELIX/cifs/8ub.cif,ok,,Li21 Si2.4 Sn0.6 P3 S24,Li20.84 Si2.4 Sn0.6 P3 S24,Li20.84 Si2.4 Sn0.6 P3 S24,62,0,0.0,spacegroup,0,0,,2,1x2x1,0.04500000000000004,0.011428571428571437,True,0.0018512519091034574,0.0058241118229469535,0.003972859913843496,True,,3,,101,Li41 Si5 Sn1 P6 S48,none,False,,,OBELIX/ordered_cifs/8ub_ordered_03.cif
8ub,OBELIX/cifs/8ub.cif,ok,,Li21 Si2.4 Sn0.6 P3 S24,Li20.84 Si2.4 Sn0.6 P3 S24,Li20.84 Si2.4 Sn0.6 P3 S24,62,0,0.0,spacegroup,0,0,,2,1x2x1,0.04500000000000004,0.011428571428571437,True,0.0018512519091034574,0.0058241118229469535,0.003972859913843496,True,,4,,101,Li41 Si5 Sn1 P6 S48,none,False,,,OBELIX/ordered_cifs/8ub_ordered_04.cif
95j,OBELIX/cifs/95j.cif,copied_ordered,,Li18 Al6 H36,Li6 Al2 H12,Li6 Al2 H12,20,0,0.0,,0,0,,,,,,,0.0,0.0,0.0,True,,,,20,Li6 Al2 H12,none,False,,,OBELIX/ordered_cifs/95j_ordered.cif
96f,OBELIX/cifs/96f.cif,ok,,Li24 P4 Se2.4 S17.6 Br4,Li6.006 P1 Se0.6 S4.4 Br1,Li6.006 P1 Se0.6 S4.4 Br1,25,0,0.0,spacegroup+split_site_clusters,0,6,Li,5,5x1x1,0.03123999999999999,0.012512500000000003,True,0.0002484060611078198,6.938893903907228e-18,0.0,True,,0,,65,Li30 P5 Se3 S22 Br5,none,False,,,OBELIX/ordered_cifs/96f_ordered.cif
96f,OBELIX/cifs/96f.cif,ok,,Li24 P4 Se2.4 S17.6 Br4,Li6.006 P1 Se0.6 S4.4 Br1,Li6.006 P1 Se0.6 S4.4 Br1,25,0,0.0,spacegroup+split_site_clusters,0,6,Li,5,5x1x1,0.03123999999999999,0.012512500000000003,True,0.0002484060611078198,6.938893903907228e-18,0.0,True,,1,,65,Li30 P5 Se3 S22 Br5,none,False,,,OBELIX/ordered_cifs/96f_ordered_01.cif
96f,OBELIX/cifs/96f.cif,ok,,Li24 P4 Se2.4 S17.6 Br4,Li6.006 P1 Se0.6 S4.4 Br1,Li6.006 P1 Se0.6 S4.4 Br1,25,0,0.0,spacegroup+split_site_clusters,0,6,Li,5,5x1x1,0.03123999999999999,0.012512500000000003,True,0.0002484060611078198,6.938893903907228e-18,0.0,True,,2,,65,Li30 P5 Se3 S22 Br5,none,False,,,OBELIX/ordered_cifs/96f_ordered_02.cif
96f,OBELIX/cifs/96f.cif,ok,,Li24 P4 Se2.4 S17.6 Br4,Li6.006 P1 Se0.6 S4.4 Br1,Li6.006 P1 Se0.6 S4.4 Br1,25,0,0.0,spacegroup+split_site_clusters,0,6,Li,5,5x1x1,0.03123999999999999,0.012512500000000003,True,0.0002484060611078198,6.938893903907228e-18,0.0,True,,3,,65,Li30 P5 Se3 S22 Br5,none,False,,,OBELIX/ordered_cifs/96f_ordered_03.cif
96f,OBELIX/cifs/96f.cif,ok,,Li24 P4 Se2.4 S17.6 Br4,Li6.006 P1 Se0.6 S4.4 Br1,Li6.006 P1 Se0.6 S4.4 Br1,25,0,0.0,spacegroup+split_site_clusters,0,6,Li,5,5x1x1,0.03123999999999999,0.012512500000000003,True,0.0002484060611078198,6.938893903907228e-18,0.0,True,,4,,65,Li30 P5 Se3 S22 Br5,none,False,,,OBELIX/ordered_cifs/96f_ordered_04.cif
97b,OBELIX/cifs/97b.cif,ok,,Li3.6 Zr0.4 Sc3.6 O8,Li1.8 Zr0.2 Sc1.8 O4,Li1.8 Zr0.2 Sc1.8 O4,8,0,0.0,spacegroup,0,0,,4,2x2x1,0.025000000000000022,0.02000000000000001,True,1.1102230246251565e-16,0.006617038875103391,0.006617038875103388,True,,0,,31,Li7 Zr1 Sc7 O16,none,False,,,OBELIX/ordered_cifs/97b_ordered.cif
97b,OBELIX/cifs/97b.cif,ok,,Li3.6 Zr0.4 Sc3.6 O8,Li1.8 Zr0.2 Sc1.8 O4,Li1.8 Zr0.2 Sc1.8 O4,8,0,0.0,spacegroup,0,0,,4,2x2x1,0.025000000000000022,0.02000000000000001,True,1.1102230246251565e-16,0.006617038875103391,0.006617038875103388,True,,1,,31,Li7 Zr1 Sc7 O16,none,False,,,OBELIX/ordered_cifs/97b_ordered_01.cif
97b,OBELIX/cifs/97b.cif,ok,,Li3.6 Zr0.4 Sc3.6 O8,Li1.8 Zr0.2 Sc1.8 O4,Li1.8 Zr0.2 Sc1.8 O4,8,0,0.0,spacegroup,0,0,,4,2x2x1,0.025000000000000022,0.02000000000000001,True,1.1102230246251565e-16,0.006617038875103391,0.006617038875103388,True,,2,,31,Li7 Zr1 Sc7 O16,none,False,,,OBELIX/ordered_cifs/97b_ordered_02.cif
97b,OBELIX/cifs/97b.cif,ok,,Li3.6 Zr0.4 Sc3.6 O8,Li1.8 Zr0.2 Sc1.8 O4,Li1.8 Zr0.2 Sc1.8 O4,8,0,0.0,spacegroup,0,0,,4,2x2x1,0.025000000000000022,0.02000000000000001,True,1.1102230246251565e-16,0.006617038875103391,0.006617038875103388,True,,3,,31,Li7 Zr1 Sc7 O16,none,False,,,OBELIX/ordered_cifs/97b_ordered_03.cif
97b,OBELIX/cifs/97b.cif,ok,,Li3.6 Zr0.4 Sc3.6 O8,Li1.8 Zr0.2 Sc1.8 O4,Li1.8 Zr0.2 Sc1.8 O4,8,0,0.0,spacegroup,0,0,,4,2x2x1,0.025000000000000022,0.02000000000000001,True,1.1102230246251565e-16,0.006617038875103391,0.006617038875103388,True,,4,,31,Li7 Zr1 Sc7 O16,none,False,,,OBELIX/ordered_cifs/97b_ordered_04.cif
97p,OBELIX/cifs/97p.cif,ok,,Li24 P4 S20 Cl4,Li6.0 P1 S5 Cl1,Li6.0 P1 S5 Cl1,31,0,0.0,spacegroup,0,0,,5,5x1x1,0.03799999999999998,0.016133333333333326,True,1.1102230246251565e-16,0.0,0.0,True,,0,,65,Li30 P5 S25 Cl5,none,False,,,OBELIX/ordered_cifs/97p_ordered.cif
97p,OBELIX/cifs/97p.cif,ok,,Li24 P4 S20 Cl4,Li6.0 P1 S5 Cl1,Li6.0 P1 S5 Cl1,31,0,0.0,spacegroup,0,0,,5,5x1x1,0.03799999999999998,0.016133333333333326,True,1.1102230246251565e-16,0.0,0.0,True,,1,,65,Li30 P5 S25 Cl5,none,False,,,OBELIX/ordered_cifs/97p_ordered_01.cif
97p,OBELIX/cifs/97p.cif,ok,,Li24 P4 S20 Cl4,Li6.0 P1 S5 Cl1,Li6.0 P1 S5 Cl1,31,0,0.0,spacegroup,0,0,,5,5x1x1,0.03799999999999998,0.016133333333333326,True,1.1102230246251565e-16,0.0,0.0,True,,2,,65,Li30 P5 S25 Cl5,none,False,,,OBELIX/ordered_cifs/97p_ordered_02.cif
97p,OBELIX/cifs/97p.cif,ok,,Li24 P4 S20 Cl4,Li6.0 P1 S5 Cl1,Li6.0 P1 S5 Cl1,31,0,0.0,spacegroup,0,0,,5,5x1x1,0.03799999999999998,0.016133333333333326,True,1.1102230246251565e-16,0.0,0.0,True,,3,,65,Li30 P5 S25 Cl5,none,False,,,OBELIX/ordered_cifs/97p_ordered_03.cif
97p,OBELIX/cifs/97p.cif,ok,,Li24 P4 S20 Cl4,Li6.0 P1 S5 Cl1,Li6.0 P1 S5 Cl1,31,0,0.0,spacegroup,0,0,,5,5x1x1,0.03799999999999998,0.016133333333333326,True,1.1102230246251565e-16,0.0,0.0,True,,4,,65,Li30 P5 S25 Cl5,none,False,,,OBELIX/ordered_cifs/97p_ordered_04.cif
9ky,OBELIX/cifs/9ky.cif,ok,,Li6 Ti3.6 Sn8.4 P18 O72,Li2 Ti1.2 Sn2.8 P6 O24,Li2 Ti1.2 Sn2.8 P6 O24,36,0,0.0,spacegroup,0,0,,1,1x1x1,0.050000000000000044,0.016666666666666673,True,0.0,0.005555555555555557,0.005555555555555557,True,,0,,36,Li2 Ti1 Sn3 P6 O24,none,False,,,OBELIX/ordered_cifs/9ky_ordered.cif
9lo,OBELIX/cifs/9lo.cif,copied_ordered,,Li12 P4 O16,Li12 P4 O16,Li12 P4 O16,32,0,0.0,,0,0,,,,,,,0.0,0.0,0.0,True,,,,32,Li12 P4 O16,none,False,,,OBELIX/ordered_cifs/9lo_ordered.cif
9lx,OBELIX/cifs/9lx.cif,ok,,Li20 Sn2 P4 S24,Li20 Sn2 P4 S24,Li20 Sn2 P4 S24,70,0,0.0,spacegroup,0,0,,1,1x1x1,0.050000000000000044,0.00961538461538462,True,0.0,0.0,0.0,True,,0,,50,Li20 Sn2 P4 S24,none,False,,,OBELIX/ordered_cifs/9lx_ordered.cif
9lx,OBELIX/cifs/9lx.cif,ok,,Li20 Sn2 P4 S24,Li20 Sn2 P4 S24,Li20 Sn2 P4 S24,70,0,0.0,spacegroup,0,0,,1,1x1x1,0.050000000000000044,0.00961538461538462,True,0.0,0.0,0.0,True,,1,,50,Li20 Sn2 P4 S24,none,False,,,OBELIX/ordered_cifs/9lx_ordered_01.cif
9lx,OBELIX/cifs/9lx.cif,ok,,Li20 Sn2 P4 S24,Li20 Sn2 P4 S24,Li20 Sn2 P4 S24,70,0,0.0,spacegroup,0,0,,1,1x1x1,0.050000000000000044,0.00961538461538462,True,0.0,0.0,0.0,True,,2,,50,Li20 Sn2 P4 S24,none,False,,,OBELIX/ordered_cifs/9lx_ordered_02.cif
9lx,OBELIX/cifs/9lx.cif,ok,,Li20 Sn2 P4 S24,Li20 Sn2 P4 S24,Li20 Sn2 P4 S24,70,0,0.0,spacegroup,0,0,,1,1x1x1,0.050000000000000044,0.00961538461538462,True,0.0,0.0,0.0,True,,3,,50,Li20 Sn2 P4 S24,none,False,,,OBELIX/ordered_cifs/9lx_ordered_03.cif
9lx,OBELIX/cifs/9lx.cif,ok,,Li20 Sn2 P4 S24,Li20 Sn2 P4 S24,Li20 Sn2 P4 S24,70,0,0.0,spacegroup,0,0,,1,1x1x1,0.050000000000000044,0.00961538461538462,True,0.0,0.0,0.0,True,,4,,50,Li20 Sn2 P4 S24,none,False,,,OBELIX/ordered_cifs/9lx_ordered_04.cif
9n0,OBELIX/cifs/9n0.cif,ok,,Na0.2 Li0.3 La0.5 Nb2 O6,Na0.2 Li0.3 La0.5 Nb2 O6,Na0.2 Li0.3 La0.5 Nb2 O6,9,0,0.0,spacegroup,0,0,,4,2x2x1,0.04999999999999999,0.014285714285714282,True,0.0,0.005555555555555557,0.005555555555555557,True,,0,,36,Na1 Li1 La2 Nb8 O24,none,False,,,OBELIX/ordered_cifs/9n0_ordered.cif
9n0,OBELIX/cifs/9n0.cif,ok,,Na0.2 Li0.3 La0.5 Nb2 O6,Na0.2 Li0.3 La0.5 Nb2 O6,Na0.2 Li0.3 La0.5 Nb2 O6,9,0,0.0,spacegroup,0,0,,4,2x2x1,0.04999999999999999,0.014285714285714282,True,0.0,0.005555555555555557,0.005555555555555557,True,,1,,36,Na1 Li1 La2 Nb8 O24,none,False,,,OBELIX/ordered_cifs/9n0_ordered_01.cif
9o6,OBELIX/cifs/9o6.cif,ok,,Li52 La24 Zr14 Mo2 O96,Li23.376 La12 Zr6.9712 Mo1.0288 O48,Li23.376 La12 Zr6.9712 Mo1.0288 O48,128,0,0.0,spacegroup,0,0,,1,1x1x1,0.007833333333333359,0.0028583333333333377,True,0.020773646974670046,0.023848491933598337,0.003074844958928291,True,,0,,91,Li23 La12 Zr7 Mo1 O48,none,False,,,OBELIX/ordered_cifs/9o6_ordered.cif
9o6,OBELIX/cifs/9o6.cif,ok,,Li52 La24 Zr14 Mo2 O96,Li23.376 La12 Zr6.9712 Mo1.0288 O48,Li23.376 La12 Zr6.9712 Mo1.0288 O48,128,0,0.0,spacegroup,0,0,,1,1x1x1,0.007833333333333359,0.0028583333333333377,True,0.020773646974670046,0.023848491933598337,0.003074844958928291,True,,1,,91,Li23 La12 Zr7 Mo1 O48,none,False,,,OBELIX/ordered_cifs/9o6_ordered_01.cif
9o6,OBELIX/cifs/9o6.cif,ok,,Li52 La24 Zr14 Mo2 O96,Li23.376 La12 Zr6.9712 Mo1.0288 O48,Li23.376 La12 Zr6.9712 Mo1.0288 O48,128,0,0.0,spacegroup,0,0,,1,1x1x1,0.007833333333333359,0.0028583333333333377,True,0.020773646974670046,0.023848491933598337,0.003074844958928291,True,,2,,91,Li23 La12 Zr7 Mo1 O48,none,False,,,OBELIX/ordered_cifs/9o6_ordered_02.cif
9o6,OBELIX/cifs/9o6.cif,ok,,Li52 La24 Zr14 Mo2 O96,Li23.376 La12 Zr6.9712 Mo1.0288 O48,Li23.376 La12 Zr6.9712 Mo1.0288 O48,128,0,0.0,spacegroup,0,0,,1,1x1x1,0.007833333333333359,0.0028583333333333377,True,0.020773646974670046,0.023848491933598337,0.003074844958928291,True,,3,,91,Li23 La12 Zr7 Mo1 O48,none,False,,,OBELIX/ordered_cifs/9o6_ordered_03.cif
9o6,OBELIX/cifs/9o6.cif,ok,,Li52 La24 Zr14 Mo2 O96,Li23.376 La12 Zr6.9712 Mo1.0288 O48,Li23.376 La12 Zr6.9712 Mo1.0288 O48,128,0,0.0,spacegroup,0,0,,1,1x1x1,0.007833333333333359,0.0028583333333333377,True,0.020773646974670046,0.023848491933598337,0.003074844958928291,True,,4,,91,Li23 La12 Zr7 Mo1 O48,none,False,,,OBELIX/ordered_cifs/9o6_ordered_04.cif
9ph,OBELIX/cifs/9ph.cif,ok,,Li0.76 La2.68 Ti3.6 Co0.4 O12,Li0.38 La1.333 Ti1.8 Co0.2 O6,Li0.38 La1.333 Ti1.8 Co0.2 O6,10,0,0.0,spacegroup,0,0,,5,5x1x1,0.04800000000000004,0.019333333333333355,True,0.0006213301167371788,0.005039052658100229,0.004594186226068775,True,,0,,49,Li2 La7 Ti9 Co1 O30,none,False,,,OBELIX/ordered_cifs/9ph_ordered.cif
9ph,OBELIX/cifs/9ph.cif,ok,,Li0.76 La2.68 Ti3.6 Co0.4 O12,Li0.38 La1.333 Ti1.8 Co0.2 O6,Li0.38 La1.333 Ti1.8 Co0.2 O6,10,0,0.0,spacegroup,0,0,,5,5x1x1,0.04800000000000004,0.019333333333333355,True,0.0006213301167371788,0.005039052658100229,0.004594186226068775,True,,1,,49,Li2 La7 Ti9 Co1 O30,none,False,,,OBELIX/ordered_cifs/9ph_ordered_01.cif
9ph,OBELIX/cifs/9ph.cif,ok,,Li0.76 La2.68 Ti3.6 Co0.4 O12,Li0.38 La1.333 Ti1.8 Co0.2 O6,Li0.38 La1.333 Ti1.8 Co0.2 O6,10,0,0.0,spacegroup,0,0,,5,5x1x1,0.04800000000000004,0.019333333333333355,True,0.0006213301167371788,0.005039052658100229,0.004594186226068775,True,,2,,49,Li2 La7 Ti9 Co1 O30,none,False,,,OBELIX/ordered_cifs/9ph_ordered_02.cif
9ph,OBELIX/cifs/9ph.cif,ok,,Li0.76 La2.68 Ti3.6 Co0.4 O12,Li0.38 La1.333 Ti1.8 Co0.2 O6,Li0.38 La1.333 Ti1.8 Co0.2 O6,10,0,0.0,spacegroup,0,0,,5,5x1x1,0.04800000000000004,0.019333333333333355,True,0.0006213301167371788,0.005039052658100229,0.004594186226068775,True,,3,,49,Li2 La7 Ti9 Co1 O30,none,False,,,OBELIX/ordered_cifs/9ph_ordered_03.cif
9ph,OBELIX/cifs/9ph.cif,ok,,Li0.76 La2.68 Ti3.6 Co0.4 O12,Li0.38 La1.333 Ti1.8 Co0.2 O6,Li0.38 La1.333 Ti1.8 Co0.2 O6,10,0,0.0,spacegroup,0,0,,5,5x1x1,0.04800000000000004,0.019333333333333355,True,0.0006213301167371788,0.005039052658100229,0.004594186226068775,True,,4,,49,Li2 La7 Ti9 Co1 O30,none,False,,,OBELIX/ordered_cifs/9ph_ordered_04.cif
9rc,OBELIX/cifs/9rc.cif,ok,,Li20 Sn0.45 Ge1.55 P4 S24,Li20 Sn0.448 Ge1.552 P4 S24,Li20 Sn0.448 Ge1.552 P4 S24,66,0,0.0,spacegroup+split_site_pairs,4,0,Li,3,1x3x1,0.040000000000000036,0.019714285714285733,True,4.000000000000184e-05,0.004026845637583931,0.004026845637583931,True,,0,,149,Li59 Sn1 Ge5 P12 S72,none,False,,,OBELIX/ordered_cifs/9rc_ordered.cif
9rc,OBELIX/cifs/9rc.cif,ok,,Li20 Sn0.45 Ge1.55 P4 S24,Li20 Sn0.448 Ge1.552 P4 S24,Li20 Sn0.448 Ge1.552 P4 S24,66,0,0.0,spacegroup+split_site_pairs,4,0,Li,3,1x3x1,0.040000000000000036,0.019714285714285733,True,4.000000000000184e-05,0.004026845637583931,0.004026845637583931,True,,1,,149,Li59 Sn1 Ge5 P12 S72,none,False,,,OBELIX/ordered_cifs/9rc_ordered_01.cif
9rc,OBELIX/cifs/9rc.cif,ok,,Li20 Sn0.45 Ge1.55 P4 S24,Li20 Sn0.448 Ge1.552 P4 S24,Li20 Sn0.448 Ge1.552 P4 S24,66,0,0.0,spacegroup+split_site_pairs,4,0,Li,3,1x3x1,0.040000000000000036,0.019714285714285733,True,4.000000000000184e-05,0.004026845637583931,0.004026845637583931,True,,2,,149,Li59 Sn1 Ge5 P12 S72,none,False,,,OBELIX/ordered_cifs/9rc_ordered_02.cif
9rc,OBELIX/cifs/9rc.cif,ok,,Li20 Sn0.45 Ge1.55 P4 S24,Li20 Sn0.448 Ge1.552 P4 S24,Li20 Sn0.448 Ge1.552 P4 S24,66,0,0.0,spacegroup+split_site_pairs,4,0,Li,3,1x3x1,0.040000000000000036,0.019714285714285733,True,4.000000000000184e-05,0.004026845637583931,0.004026845637583931,True,,3,,149,Li59 Sn1 Ge5 P12 S72,none,False,,,OBELIX/ordered_cifs/9rc_ordered_03.cif
9rc,OBELIX/cifs/9rc.cif,ok,,Li20 Sn0.45 Ge1.55 P4 S24,Li20 Sn0.448 Ge1.552 P4 S24,Li20 Sn0.448 Ge1.552 P4 S24,66,0,0.0,spacegroup+split_site_pairs,4,0,Li,3,1x3x1,0.040000000000000036,0.019714285714285733,True,4.000000000000184e-05,0.004026845637583931,0.004026845637583931,True,,4,,149,Li59 Sn1 Ge5 P12 S72,none,False,,,OBELIX/ordered_cifs/9rc_ordered_04.cif
9s4,OBELIX/cifs/9s4.cif,ok,,Li7.8 Ti10.2 Al1.8 P18 O72,Li2.6 Ti3.4 Al0.6 P6 O24,Li2.6 Ti3.4 Al0.6 P6 O24,48,0,0.0,spacegroup,0,0,,2,1x2x1,0.025000000000000022,0.008333333333333345,True,4.163336342344337e-17,0.002994236095516134,0.00299423609551612,True,,0,,73,Li5 Ti7 Al1 P12 O48,none,False,,,OBELIX/ordered_cifs/9s4_ordered.cif
9s4,OBELIX/cifs/9s4.cif,ok,,Li7.8 Ti10.2 Al1.8 P18 O72,Li2.6 Ti3.4 Al0.6 P6 O24,Li2.6 Ti3.4 Al0.6 P6 O24,48,0,0.0,spacegroup,0,0,,2,1x2x1,0.025000000000000022,0.008333333333333345,True,4.163336342344337e-17,0.002994236095516134,0.00299423609551612,True,,1,,73,Li5 Ti7 Al1 P12 O48,none,False,,,OBELIX/ordered_cifs/9s4_ordered_01.cif
9s4,OBELIX/cifs/9s4.cif,ok,,Li7.8 Ti10.2 Al1.8 P18 O72,Li2.6 Ti3.4 Al0.6 P6 O24,Li2.6 Ti3.4 Al0.6 P6 O24,48,0,0.0,spacegroup,0,0,,2,1x2x1,0.025000000000000022,0.008333333333333345,True,4.163336342344337e-17,0.002994236095516134,0.00299423609551612,True,,2,,73,Li5 Ti7 Al1 P12 O48,none,False,,,OBELIX/ordered_cifs/9s4_ordered_02.cif
9s4,OBELIX/cifs/9s4.cif,ok,,Li7.8 Ti10.2 Al1.8 P18 O72,Li2.6 Ti3.4 Al0.6 P6 O24,Li2.6 Ti3.4 Al0.6 P6 O24,48,0,0.0,spacegroup,0,0,,2,1x2x1,0.025000000000000022,0.008333333333333345,True,4.163336342344337e-17,0.002994236095516134,0.00299423609551612,True,,3,,73,Li5 Ti7 Al1 P12 O48,none,False,,,OBELIX/ordered_cifs/9s4_ordered_03.cif
9s4,OBELIX/cifs/9s4.cif,ok,,Li7.8 Ti10.2 Al1.8 P18 O72,Li2.6 Ti3.4 Al0.6 P6 O24,Li2.6 Ti3.4 Al0.6 P6 O24,48,0,0.0,spacegroup,0,0,,2,1x2x1,0.025000000000000022,0.008333333333333345,True,4.163336342344337e-17,0.002994236095516134,0.00299423609551612,True,,4,,73,Li5 Ti7 Al1 P12 O48,none,False,,,OBELIX/ordered_cifs/9s4_ordered_04.cif
9wf,OBELIX/cifs/9wf.cif,ok,,Li12 Er4 I24,Li6 Er2.0 I12,Li6 Er2.0 I12,22,0,0.0,spacegroup,0,0,,3,1x3x1,0.033333333333333354,0.01575757575757575,True,1.3877787807814457e-17,0.0,0.0,True,,0,,60,Li18 Er6 I36,none,False,,,OBELIX/ordered_cifs/9wf_ordered.cif
9wf,OBELIX/cifs/9wf.cif,ok,,Li12 Er4 I24,Li6 Er2.0 I12,Li6 Er2.0 I12,22,0,0.0,spacegroup,0,0,,3,1x3x1,0.033333333333333354,0.01575757575757575,True,1.3877787807814457e-17,0.0,0.0,True,,1,,60,Li18 Er6 I36,none,False,,,OBELIX/ordered_cifs/9wf_ordered_01.cif
9wf,OBELIX/cifs/9wf.cif,ok,,Li12 Er4 I24,Li6 Er2.0 I12,Li6 Er2.0 I12,22,0,0.0,spacegroup,0,0,,3,1x3x1,0.033333333333333354,0.01575757575757575,True,1.3877787807814457e-17,0.0,0.0,True,,2,,60,Li18 Er6 I36,none,False,,,OBELIX/ordered_cifs/9wf_ordered_02.cif
9wf,OBELIX/cifs/9wf.cif,ok,,Li12 Er4 I24,Li6 Er2.0 I12,Li6 Er2.0 I12,22,0,0.0,spacegroup,0,0,,3,1x3x1,0.033333333333333354,0.01575757575757575,True,1.3877787807814457e-17,0.0,0.0,True,,3,,60,Li18 Er6 I36,none,False,,,OBELIX/ordered_cifs/9wf_ordered_03.cif
9wf,OBELIX/cifs/9wf.cif,ok,,Li12 Er4 I24,Li6 Er2.0 I12,Li6 Er2.0 I12,22,0,0.0,spacegroup,0,0,,3,1x3x1,0.033333333333333354,0.01575757575757575,True,1.3877787807814457e-17,0.0,0.0,True,,4,,60,Li18 Er6 I36,none,False,,,OBELIX/ordered_cifs/9wf_ordered_04.cif
